mqc_id	SNPClass	Sample	TgtRegionSize	TN	FN	TP	FP	Fscore	Sensitivity-Recall	Specificity	FDR	PPV	Precision	AltId	CmpFootprint	AllVarMeanDP	CovBin	Aligner	SNVCaller
RIH0_ANA0-HG001-19_DBC0_0-bwa2a-deep-SNPts	SNPts	RIH0_ANA0-HG001-19_DBC0_0	2501823725.0	2499618008.0	9174.0	2196543.0	3105.0	0.9972127167669421	0.9958408082269847	0.9999987578117404	0.0014115894906821455	0.9985884105093179	0.9985884105093179	HG001	wgsHC	-1	-2	bwa2a	deep
RIH0_ANA0-HG001-19_DBC0_0-bwa2a-deep-SNPtv	SNPtv	RIH0_ANA0-HG001-19_DBC0_0	2501823725.0	2500778190.0	5064.0	1040471.0	1913.0	0.9966583952729967	0.9951565466483666	0.9999992350386995	0.001835216196718292	0.9981647838032817	0.9981647838032817	HG001	wgsHC	-1	-2	bwa2a	deep
RIH0_ANA0-HG001-19_DBC0_0-bwa2a-deep-INS_50	INS_50	RIH0_ANA0-HG001-19_DBC0_0	2501823725.0	2501611864.0	1314.0	210547.0	247.0	0.9963066803894429	0.9937978202689499	0.9999999012636696	0.001171760107023919	0.9988282398929761	0.9988282398929761	HG001	wgsHC	-1	-2	bwa2a	deep
RIH0_ANA0-HG001-19_DBC0_0-bwa2a-deep-INS_gt50	INS_gt50	RIH0_ANA0-HG001-19_DBC0_0	2501823725.0	2501823725.0	0.0	0.0	0.0			1.0				HG001	wgsHC	-1	-2	bwa2a	deep
RIH0_ANA0-HG001-19_DBC0_0-bwa2a-deep-DEL_50	DEL_50	RIH0_ANA0-HG001-19_DBC0_0	2501823725.0	2501596724.0	677.0	226324.0	268.0	0.9979166345159648	0.9970176342835494	0.9999998928684353	0.0011827425504872193	0.9988172574495128	0.9988172574495128	HG001	wgsHC	-1	-2	bwa2a	deep
RIH0_ANA0-HG001-19_DBC0_0-bwa2a-deep-DEL_gt50	DEL_gt50	RIH0_ANA0-HG001-19_DBC0_0	2501823725.0	2501823725.0	0.0	0.0	0.0			1.0				HG001	wgsHC	-1	-2	bwa2a	deep
RIH0_ANA0-HG001-19_DBC0_0-bwa2a-deep-Indel_50	Indel_50	RIH0_ANA0-HG001-19_DBC0_0	2501823725.0	2501795978.0	52.0	27695.0	47.0	0.9982158626033989	0.9981259235232638	0.9999999812134964	0.0016941821065532406	0.9983058178934467	0.9983058178934467	HG001	wgsHC	-1	-2	bwa2a	deep
RIH0_ANA0-HG001-19_DBC0_0-bwa2a-deep-Indel_gt50	Indel_gt50	RIH0_ANA0-HG001-19_DBC0_0	2501823725.0	2501823475.0	6.0	244.0	2.0	0.9838709677419355	0.976	0.9999999992005831	0.008130081300813009	0.991869918699187	0.991869918699187	HG001	wgsHC	-1	-2	bwa2a	deep
RIH0_ANA0-HG001-19_DBC0_0-bwa2a-deep-All	All	RIH0_ANA0-HG001-19_DBC0_0	2501823725.0	2498105614.0	16287.0	3701824.0	5582.0	0.9970548852019326	0.9956195498197875	0.9999977655117959	0.001505634937204072	0.9984943650627959	0.9984943650627959	HG001	wgsHC	-1	-2	bwa2a	deep
RIH0_ANA0-HG001-19_DBC0_0-bwa2a-sentd-SNPts	SNPts	RIH0_ANA0-HG001-19_DBC0_0	2501823725.0	2499618385.0	9126.0	2196214.0	5550.0	0.9966699220168164	0.9958618625699439	0.999997779666004	0.0025207061247254476	0.9974792938752746	0.9974792938752746	HG001	wgsHC	-1	-2	bwa2a	sentd
RIH0_ANA0-HG001-19_DBC0_0-bwa2a-sentd-SNPtv	SNPtv	RIH0_ANA0-HG001-19_DBC0_0	2501823725.0	2500778727.0	5194.0	1039804.0	3026.0	0.996062894069818	0.9950296555591494	0.9999987899783752	0.0029017193598189542	0.997098280640181	0.997098280640181	HG001	wgsHC	-1	-2	bwa2a	sentd
RIH0_ANA0-HG001-19_DBC0_0-bwa2a-sentd-INS_50	INS_50	RIH0_ANA0-HG001-19_DBC0_0	2501823725.0	2501611888.0	801.0	211036.0	377.0	0.9972167749556998	0.996218790862786	0.9999998492971891	0.0017832394412831756	0.9982167605587168	0.9982167605587168	HG001	wgsHC	-1	-2	bwa2a	sentd
RIH0_ANA0-HG001-19_DBC0_0-bwa2a-sentd-INS_gt50	INS_gt50	RIH0_ANA0-HG001-19_DBC0_0	2501823725.0	2501823724.0	0.0	1.0	1.0	0.6666666666666666	1.0	0.9999999996002916	0.5	0.5	0.5	HG001	wgsHC	-1	-2	bwa2a	sentd
RIH0_ANA0-HG001-19_DBC0_0-bwa2a-sentd-DEL_50	DEL_50	RIH0_ANA0-HG001-19_DBC0_0	2501823725.0	2501596632.0	711.0	226382.0	348.0	0.9976664911209877	0.9968691241033409	0.9999998608888631	0.001534865258236669	0.9984651347417633	0.9984651347417633	HG001	wgsHC	-1	-2	bwa2a	sentd
RIH0_ANA0-HG001-19_DBC0_0-bwa2a-sentd-DEL_gt50	DEL_gt50	RIH0_ANA0-HG001-19_DBC0_0	2501823725.0	2501823725.0	0.0	0.0	0.0			1.0				HG001	wgsHC	-1	-2	bwa2a	sentd
RIH0_ANA0-HG001-19_DBC0_0-bwa2a-sentd-Indel_50	Indel_50	RIH0_ANA0-HG001-19_DBC0_0	2501823725.0	2501795856.0	68.0	27801.0	24.0	0.9983481164936977	0.9975600129175787	0.9999999904068912	0.0008625336927223719	0.9991374663072776	0.9991374663072776	HG001	wgsHC	-1	-2	bwa2a	sentd
RIH0_ANA0-HG001-19_DBC0_0-bwa2a-sentd-Indel_gt50	Indel_gt50	RIH0_ANA0-HG001-19_DBC0_0	2501823725.0	2501823459.0	4.0	262.0	1.0	0.9905482041587901	0.9849624060150376	0.9999999996002915	0.0038022813688212928	0.9961977186311787	0.9961977186311787	HG001	wgsHC	-1	-2	bwa2a	sentd
RIH0_ANA0-HG001-19_DBC0_0-bwa2a-sentd-All	All	RIH0_ANA0-HG001-19_DBC0_0	2501823725.0	2498106321.0	15904.0	3701500.0	9327.0	0.996603363573373	0.9957217456052665	0.9999962663858226	0.002513455895410915	0.997486544104589	0.997486544104589	HG001	wgsHC	-1	-2	bwa2a	sentd
RIH0_ANA0-HG001-19_DBC0_0-sent-deep-SNPts	SNPts	RIH0_ANA0-HG001-19_DBC0_0	2501823725.0	2499618011.0	8565.0	2197149.0	3335.0	0.9972992589075661	0.9961169036420859	0.9999986657979196	0.0015155756642629531	0.998484424335737	0.998484424335737	HG001	wgsHC	-1	-2	sent	deep
RIH0_ANA0-HG001-19_DBC0_0-sent-deep-SNPtv	SNPtv	RIH0_ANA0-HG001-19_DBC0_0	2501823725.0	2500778197.0	4661.0	1040867.0	2029.0	0.9967966275047596	0.9955419653993006	0.9999991886532136	0.0019455439468556788	0.9980544560531444	0.9980544560531444	HG001	wgsHC	-1	-2	sent	deep
RIH0_ANA0-HG001-19_DBC0_0-sent-deep-INS_50	INS_50	RIH0_ANA0-HG001-19_DBC0_0	2501823725.0	2501611866.0	1277.0	210582.0	253.0	0.996380360260614	0.9939724061758056	0.9999998988652166	0.0011999905139089809	0.998800009486091	0.998800009486091	HG001	wgsHC	-1	-2	sent	deep
RIH0_ANA0-HG001-19_DBC0_0-sent-deep-INS_gt50	INS_gt50	RIH0_ANA0-HG001-19_DBC0_0	2501823725.0	2501823725.0	0.0	0.0	0.0			1.0				HG001	wgsHC	-1	-2	sent	deep
RIH0_ANA0-HG001-19_DBC0_0-sent-deep-DEL_50	DEL_50	RIH0_ANA0-HG001-19_DBC0_0	2501823725.0	2501596721.0	663.0	226341.0	281.0	0.9979189905340523	0.9970793466194429	0.9999998876717554	0.0012399502254856103	0.9987600497745144	0.9987600497745144	HG001	wgsHC	-1	-2	sent	deep
RIH0_ANA0-HG001-19_DBC0_0-sent-deep-DEL_gt50	DEL_gt50	RIH0_ANA0-HG001-19_DBC0_0	2501823725.0	2501823725.0	0.0	0.0	0.0			1.0				HG001	wgsHC	-1	-2	sent	deep
RIH0_ANA0-HG001-19_DBC0_0-sent-deep-Indel_50	Indel_50	RIH0_ANA0-HG001-19_DBC0_0	2501823725.0	2501795977.0	50.0	27698.0	45.0	0.9982880106683967	0.998198068329249	0.9999999820129221	0.0016220307825397398	0.9983779692174602	0.9983779692174602	HG001	wgsHC	-1	-2	sent	deep
RIH0_ANA0-HG001-19_DBC0_0-sent-deep-Indel_gt50	Indel_gt50	RIH0_ANA0-HG001-19_DBC0_0	2501823725.0	2501823474.0	6.0	245.0	1.0	0.9859154929577464	0.9760956175298805	0.9999999996002915	0.0040650406504065045	0.9959349593495935	0.9959349593495935	HG001	wgsHC	-1	-2	sent	deep
RIH0_ANA0-HG001-19_DBC0_0-sent-deep-All	All	RIH0_ANA0-HG001-19_DBC0_0	2501823725.0	2498105621.0	15222.0	3702882.0	5944.0	0.9971501010511745	0.995905977885503	0.9999976206026652	0.0016026634843478772	0.9983973365156521	0.9983973365156521	HG001	wgsHC	-1	-2	sent	deep
RIH0_ANA0-HG001-19_DBC0_0-sent-sentd-SNPts	SNPts	RIH0_ANA0-HG001-19_DBC0_0	2501823725.0	2499618392.0	8636.0	2196697.0	5893.0	0.9967038897911783	0.9960840381021823	0.9999976424456926	0.002675486586246192	0.9973245134137538	0.9973245134137538	HG001	wgsHC	-1	-2	sent	sentd
RIH0_ANA0-HG001-19_DBC0_0-sent-sentd-SNPtv	SNPtv	RIH0_ANA0-HG001-19_DBC0_0	2501823725.0	2500778729.0	4813.0	1040183.0	3224.0	0.9961516048387212	0.9953942407435052	0.9999987108032365	0.0030898776795632	0.9969101223204369	0.9969101223204369	HG001	wgsHC	-1	-2	sent	sentd
RIH0_ANA0-HG001-19_DBC0_0-sent-sentd-INS_50	INS_50	RIH0_ANA0-HG001-19_DBC0_0	2501823725.0	2501611890.0	775.0	211060.0	381.0	0.9972689214602294	0.9963414921991173	0.9999998476982207	0.001801921103286496	0.9981980788967135	0.9981980788967135	HG001	wgsHC	-1	-2	sent	sentd
RIH0_ANA0-HG001-19_DBC0_0-sent-sentd-INS_gt50	INS_gt50	RIH0_ANA0-HG001-19_DBC0_0	2501823725.0	2501823724.0	0.0	1.0	0.0	1.0	1.0	1.0	0.0	1.0	1.0	HG001	wgsHC	-1	-2	sent	sentd
RIH0_ANA0-HG001-19_DBC0_0-sent-sentd-DEL_50	DEL_50	RIH0_ANA0-HG001-19_DBC0_0	2501823725.0	2501596626.0	686.0	226413.0	363.0	0.9976887909666758	0.9969792909700175	0.9999998548926939	0.0016006984866123398	0.9983993015133876	0.9983993015133876	HG001	wgsHC	-1	-2	sent	sentd
RIH0_ANA0-HG001-19_DBC0_0-sent-sentd-DEL_gt50	DEL_gt50	RIH0_ANA0-HG001-19_DBC0_0	2501823725.0	2501823725.0	0.0	0.0	0.0			1.0				HG001	wgsHC	-1	-2	sent	sentd
RIH0_ANA0-HG001-19_DBC0_0-sent-sentd-Indel_50	Indel_50	RIH0_ANA0-HG001-19_DBC0_0	2501823725.0	2501795862.0	67.0	27796.0	24.0	0.9983657489718586	0.9975953773821914	0.9999999904068912	0.0008626887131560029	0.999137311286844	0.999137311286844	HG001	wgsHC	-1	-2	sent	sentd
RIH0_ANA0-HG001-19_DBC0_0-sent-sentd-Indel_gt50	Indel_gt50	RIH0_ANA0-HG001-19_DBC0_0	2501823725.0	2501823459.0	3.0	263.0	1.0	0.9924528301886791	0.9887218045112782	0.9999999996002915	0.003787878787878788	0.9962121212121212	0.9962121212121212	HG001	wgsHC	-1	-2	sent	sentd
RIH0_ANA0-HG001-19_DBC0_0-sent-sentd-All	All	RIH0_ANA0-HG001-19_DBC0_0	2501823725.0	2498106332.0	14980.0	3702413.0	9886.0	0.9966531587042908	0.9959702942357722	0.9999960426180621	0.0026630398036365066	0.9973369601963635	0.9973369601963635	HG001	wgsHC	-1	-2	sent	sentd
RIH0_ANA0-HG001-19_DBC0_0-strobe-deep-SNPts	SNPts	RIH0_ANA0-HG001-19_DBC0_0	2501823725.0	2499618055.0	14705.0	2190965.0	3021.0	0.9959710486456215	0.9933330915322782	0.9999987914168156	0.0013769458875307317	0.9986230541124693	0.9986230541124693	HG001	wgsHC	-1	-2	strobe	deep
RIH0_ANA0-HG001-19_DBC0_0-strobe-deep-SNPtv	SNPtv	RIH0_ANA0-HG001-19_DBC0_0	2501823725.0	2500778216.0	8086.0	1037423.0	1860.0	0.9952292602811217	0.9922659680595767	0.9999992562320782	0.001789695395768044	0.998210304604232	0.998210304604232	HG001	wgsHC	-1	-2	strobe	deep
RIH0_ANA0-HG001-19_DBC0_0-strobe-deep-INS_50	INS_50	RIH0_ANA0-HG001-19_DBC0_0	2501823725.0	2501611849.0	1457.0	210419.0	239.0	0.9959861218268826	0.9931233362910381	0.9999999044616065	0.0011345403450141937	0.9988654596549859	0.9988654596549859	HG001	wgsHC	-1	-2	strobe	deep
RIH0_ANA0-HG001-19_DBC0_0-strobe-deep-INS_gt50	INS_gt50	RIH0_ANA0-HG001-19_DBC0_0	2501823725.0	2501823725.0	0.0	0.0	0.0			1.0				HG001	wgsHC	-1	-2	strobe	deep
RIH0_ANA0-HG001-19_DBC0_0-strobe-deep-DEL_50	DEL_50	RIH0_ANA0-HG001-19_DBC0_0	2501823725.0	2501596696.0	861.0	226168.0	266.0	0.9975146814624346	0.9962075329583445	0.9999998936679233	0.0011747352429405478	0.9988252647570595	0.9988252647570595	HG001	wgsHC	-1	-2	strobe	deep
RIH0_ANA0-HG001-19_DBC0_0-strobe-deep-DEL_gt50	DEL_gt50	RIH0_ANA0-HG001-19_DBC0_0	2501823725.0	2501823725.0	0.0	0.0	0.0			1.0				HG001	wgsHC	-1	-2	strobe	deep
RIH0_ANA0-HG001-19_DBC0_0-strobe-deep-Indel_50	Indel_50	RIH0_ANA0-HG001-19_DBC0_0	2501823725.0	2501795978.0	47.0	27700.0	51.0	0.9982341706007423	0.9983061231844884	0.999999979614645	0.0018377716118338078	0.9981622283881662	0.9981622283881662	HG001	wgsHC	-1	-2	strobe	deep
RIH0_ANA0-HG001-19_DBC0_0-strobe-deep-Indel_gt50	Indel_gt50	RIH0_ANA0-HG001-19_DBC0_0	2501823725.0	2501823477.0	4.0	244.0	1.0	0.9898580121703854	0.9838709677419355	0.9999999996002915	0.004081632653061225	0.9959183673469387	0.9959183673469387	HG001	wgsHC	-1	-2	strobe	deep
RIH0_ANA0-HG001-19_DBC0_0-strobe-deep-All	All	RIH0_ANA0-HG001-19_DBC0_0	2501823725.0	2498105646.0	25160.0	3692919.0	5438.0	0.9958742986523446	0.9932330647089532	0.9999978231552492	0.0014703826591105184	0.9985296173408895	0.9985296173408895	HG001	wgsHC	-1	-2	strobe	deep
RIH0_ANA0-HG001-19_DBC0_0-strobe-sentd-SNPts	SNPts	RIH0_ANA0-HG001-19_DBC0_0	2501823725.0	2499618340.0	12371.0	2193014.0	4180.0	0.9962406126045665	0.9943905485890219	0.9999983277475033	0.0019024264584738535	0.9980975735415262	0.9980975735415262	HG001	wgsHC	-1	-2	strobe	sentd
RIH0_ANA0-HG001-19_DBC0_0-strobe-sentd-SNPtv	SNPtv	RIH0_ANA0-HG001-19_DBC0_0	2501823725.0	2500778702.0	6948.0	1038075.0	2283.0	0.995573470747072	0.9933513425063372	0.9999990870851891	0.002194436914985034	0.997805563085015	0.997805563085015	HG001	wgsHC	-1	-2	strobe	sentd
RIH0_ANA0-HG001-19_DBC0_0-strobe-sentd-INS_50	INS_50	RIH0_ANA0-HG001-19_DBC0_0	2501823725.0	2501611904.0	948.0	210873.0	317.0	0.9970095340310299	0.9955245230642854	0.9999998732817191	0.0015010180406269237	0.998498981959373	0.998498981959373	HG001	wgsHC	-1	-2	strobe	sentd
RIH0_ANA0-HG001-19_DBC0_0-strobe-sentd-INS_gt50	INS_gt50	RIH0_ANA0-HG001-19_DBC0_0	2501823725.0	2501823724.0	0.0	1.0	2.0	0.5	1.0	0.9999999992005831	0.6666666666666666	0.33333333333333337	0.3333333333333333	HG001	wgsHC	-1	-2	strobe	sentd
RIH0_ANA0-HG001-19_DBC0_0-strobe-sentd-DEL_50	DEL_50	RIH0_ANA0-HG001-19_DBC0_0	2501823725.0	2501596657.0	857.0	226211.0	318.0	0.9974095948606362	0.9962258002008209	0.9999998728812022	0.001403793774748487	0.9985962062252515	0.9985962062252515	HG001	wgsHC	-1	-2	strobe	sentd
RIH0_ANA0-HG001-19_DBC0_0-strobe-sentd-DEL_gt50	DEL_gt50	RIH0_ANA0-HG001-19_DBC0_0	2501823725.0	2501823725.0	0.0	0.0	0.0			1.0				HG001	wgsHC	-1	-2	strobe	sentd
RIH0_ANA0-HG001-19_DBC0_0-strobe-sentd-Indel_50	Indel_50	RIH0_ANA0-HG001-19_DBC0_0	2501823725.0	2501795850.0	72.0	27803.0	26.0	0.9982407008473358	0.9974170403587443	0.9999999896074655	0.0009342771928563729	0.9990657228071437	0.9990657228071437	HG001	wgsHC	-1	-2	strobe	sentd
RIH0_ANA0-HG001-19_DBC0_0-strobe-sentd-Indel_gt50	Indel_gt50	RIH0_ANA0-HG001-19_DBC0_0	2501823725.0	2501823457.0	2.0	266.0	1.0	0.9943925233644859	0.9925373134328358	0.9999999996002915	0.003745318352059925	0.9962546816479401	0.9962546816479401	HG001	wgsHC	-1	-2	strobe	sentd
RIH0_ANA0-HG001-19_DBC0_0-strobe-sentd-All	All	RIH0_ANA0-HG001-19_DBC0_0	2501823725.0	2498106284.0	21198.0	3696243.0	7127.0	0.9961830317467996	0.9942976902659653	0.9999971470470601	0.0019244633941518131	0.9980755366058481	0.9980755366058481	HG001	wgsHC	-1	-2	strobe	sentd
RIH0_ANA0-HG002-19_DBC0_0-bwa2a-deep-SNPts	SNPts	RIH0_ANA0-HG002-19_DBC0_0	2525727871.0	2523457669.0	11374.0	2258828.0	2390.0	0.996962541543269	0.994989873147852	0.999999052887724	0.0010569524919755637	0.9989430475080244	0.9989430475080244	HG002	wgsHC	-1	-2	bwa2a	deep
RIH0_ANA0-HG002-19_DBC0_0-bwa2a-deep-SNPtv	SNPtv	RIH0_ANA0-HG002-19_DBC0_0	2525727871.0	2524645892.0	6042.0	1075937.0	1323.0	0.996589076058741	0.9944157881067932	0.9999994759663876	0.0012281157752074708	0.9987718842247926	0.9987718842247926	HG002	wgsHC	-1	-2	bwa2a	deep
RIH0_ANA0-HG002-19_DBC0_0-bwa2a-deep-INS_50	INS_50	RIH0_ANA0-HG002-19_DBC0_0	2525727871.0	2525491624.0	1565.0	234682.0	203.0	0.9962473362030173	0.9933755772560074	0.9999999196196171	0.0008642527194158843	0.9991357472805841	0.9991357472805841	HG002	wgsHC	-1	-2	bwa2a	deep
RIH0_ANA0-HG002-19_DBC0_0-bwa2a-deep-INS_gt50	INS_gt50	RIH0_ANA0-HG002-19_DBC0_0	2525727871.0	2525727864.0	7.0	0.0	1.0		0.0	0.9999999996040745	1.0	0.0	0.0	HG002	wgsHC	-1	-2	bwa2a	deep
RIH0_ANA0-HG002-19_DBC0_0-bwa2a-deep-DEL_50	DEL_50	RIH0_ANA0-HG002-19_DBC0_0	2525727871.0	2525475820.0	913.0	251138.0	231.0	0.997727543601764	0.9963777172080254	0.9999999085320964	0.000918967732695758	0.9990810322673043	0.9990810322673043	HG002	wgsHC	-1	-2	bwa2a	deep
RIH0_ANA0-HG002-19_DBC0_0-bwa2a-deep-DEL_gt50	DEL_gt50	RIH0_ANA0-HG002-19_DBC0_0	2525727871.0	2525727871.0	0.0	0.0	0.0			1.0				HG002	wgsHC	-1	-2	bwa2a	deep
RIH0_ANA0-HG002-19_DBC0_0-bwa2a-deep-Indel_50	Indel_50	RIH0_ANA0-HG002-19_DBC0_0	2525727871.0	2525694355.0	41.0	33475.0	16.0	0.9991493426059964	0.9987767036639217	0.9999999936651084	0.00047774028843569914	0.9995222597115643	0.9995222597115643	HG002	wgsHC	-1	-2	bwa2a	deep
RIH0_ANA0-HG002-19_DBC0_0-bwa2a-deep-Indel_gt50	Indel_gt50	RIH0_ANA0-HG002-19_DBC0_0	2525727871.0	2525727402.0	6.0	463.0	0.0	0.9935622317596567	0.9872068230277186	1.0	0.0	1.0	1.0	HG002	wgsHC	-1	-2	bwa2a	deep
RIH0_ANA0-HG002-19_DBC0_0-bwa2a-deep-All	All	RIH0_ANA0-HG002-19_DBC0_0	2525727871.0	2521853400.0	19948.0	3854523.0	4164.0	0.9968819982728919	0.9948514261688886	0.9999983488361677	0.001079123546429135	0.9989208764535709	0.9989208764535709	HG002	wgsHC	-1	-2	bwa2a	deep
RIH0_ANA0-HG002-19_DBC0_0-bwa2a-sentd-SNPts	SNPts	RIH0_ANA0-HG002-19_DBC0_0	2525727871.0	2523458103.0	11207.0	2258561.0	4894.0	0.99644822237953	0.99506249096824	0.9999980606016392	0.002162181267133652	0.9978378187328664	0.9978378187328664	HG002	wgsHC	-1	-2	bwa2a	sentd
RIH0_ANA0-HG002-19_DBC0_0-bwa2a-sentd-SNPtv	SNPtv	RIH0_ANA0-HG002-19_DBC0_0	2525727871.0	2524646583.0	6113.0	1075175.0	2736.0	0.9959017209622643	0.994346557068977	0.9999989162851334	0.0025382429532679416	0.997461757046732	0.997461757046732	HG002	wgsHC	-1	-2	bwa2a	sentd
RIH0_ANA0-HG002-19_DBC0_0-bwa2a-sentd-INS_50	INS_50	RIH0_ANA0-HG002-19_DBC0_0	2525727871.0	2525491590.0	966.0	235315.0	369.0	0.9971714004216414	0.9959116475721704	0.9999998538898536	0.0015656557084910304	0.998434344291509	0.998434344291509	HG002	wgsHC	-1	-2	bwa2a	sentd
RIH0_ANA0-HG002-19_DBC0_0-bwa2a-sentd-INS_gt50	INS_gt50	RIH0_ANA0-HG002-19_DBC0_0	2525727871.0	2525727864.0	7.0	0.0	2.0		0.0	0.9999999992081491	1.0	0.0	0.0	HG002	wgsHC	-1	-2	bwa2a	sentd
RIH0_ANA0-HG002-19_DBC0_0-bwa2a-sentd-DEL_50	DEL_50	RIH0_ANA0-HG002-19_DBC0_0	2525727871.0	2525475840.0	1000.0	251031.0	381.0	0.9972568890619196	0.9960322341299285	0.999999849137364	0.0015154407904157318	0.9984845592095842	0.9984845592095842	HG002	wgsHC	-1	-2	bwa2a	sentd
RIH0_ANA0-HG002-19_DBC0_0-bwa2a-sentd-DEL_gt50	DEL_gt50	RIH0_ANA0-HG002-19_DBC0_0	2525727871.0	2525727871.0	0.0	0.0	1.0			0.9999999996040745	1.0	0.0	0.0	HG002	wgsHC	-1	-2	bwa2a	sentd
RIH0_ANA0-HG002-19_DBC0_0-bwa2a-sentd-Indel_50	Indel_50	RIH0_ANA0-HG002-19_DBC0_0	2525727871.0	2525694139.0	65.0	33667.0	2.0	0.9990059494666251	0.998073046365469	0.9999999992081385	5.940182363598562e-05	0.999940598176364	0.999940598176364	HG002	wgsHC	-1	-2	bwa2a	sentd
RIH0_ANA0-HG002-19_DBC0_0-bwa2a-sentd-Indel_gt50	Indel_gt50	RIH0_ANA0-HG002-19_DBC0_0	2525727871.0	2525727379.0	1.0	491.0	0.0	0.9989827060020345	0.9979674796747967	1.0	0.0	1.0	1.0	HG002	wgsHC	-1	-2	bwa2a	sentd
RIH0_ANA0-HG002-19_DBC0_0-bwa2a-sentd-All	All	RIH0_ANA0-HG002-19_DBC0_0	2525727871.0	2521854272.0	19359.0	3854240.0	8385.0	0.9964137543070107	0.9950023221298849	0.9999966750766633	0.002170803533866218	0.9978291964661338	0.9978291964661338	HG002	wgsHC	-1	-2	bwa2a	sentd
RIH0_ANA0-HG002-19_DBC0_0-sent-deep-SNPts	SNPts	RIH0_ANA0-HG002-19_DBC0_0	2525727871.0	2523457666.0	10847.0	2259358.0	2584.0	0.9970365038909815	0.9952220173949049	0.9999989760092318	0.0011423811927980469	0.9988576188072019	0.9988576188072019	HG002	wgsHC	-1	-2	sent	deep
RIH0_ANA0-HG002-19_DBC0_0-sent-deep-SNPtv	SNPtv	RIH0_ANA0-HG002-19_DBC0_0	2525727871.0	2524645887.0	5623.0	1076361.0	1493.0	0.9967053084536895	0.9948030654797113	0.9999994086302856	0.0013851597711749457	0.9986148402288251	0.9986148402288251	HG002	wgsHC	-1	-2	sent	deep
RIH0_ANA0-HG002-19_DBC0_0-sent-deep-INS_50	INS_50	RIH0_ANA0-HG002-19_DBC0_0	2525727871.0	2525491630.0	1516.0	234725.0	218.0	0.9963199089952121	0.9935828243192333	0.9999999136801807	0.0009278846358478439	0.9990721153641522	0.9990721153641522	HG002	wgsHC	-1	-2	sent	deep
RIH0_ANA0-HG002-19_DBC0_0-sent-deep-INS_gt50	INS_gt50	RIH0_ANA0-HG002-19_DBC0_0	2525727871.0	2525727864.0	7.0	0.0	1.0		0.0	0.9999999996040745	1.0	0.0	0.0	HG002	wgsHC	-1	-2	sent	deep
RIH0_ANA0-HG002-19_DBC0_0-sent-deep-DEL_50	DEL_50	RIH0_ANA0-HG002-19_DBC0_0	2525727871.0	2525475827.0	900.0	251144.0	239.0	0.9977375071261574	0.9964291949024774	0.9999999053643773	0.0009507405035344475	0.9990492594964655	0.9990492594964655	HG002	wgsHC	-1	-2	sent	deep
RIH0_ANA0-HG002-19_DBC0_0-sent-deep-DEL_gt50	DEL_gt50	RIH0_ANA0-HG002-19_DBC0_0	2525727871.0	2525727871.0	0.0	0.0	0.0			1.0				HG002	wgsHC	-1	-2	sent	deep
RIH0_ANA0-HG002-19_DBC0_0-sent-deep-Indel_50	Indel_50	RIH0_ANA0-HG002-19_DBC0_0	2525727871.0	2525694345.0	40.0	33486.0	15.0	0.999179435152998	0.998806896140309	0.9999999940610391	0.0004477478284230321	0.999552252171577	0.999552252171577	HG002	wgsHC	-1	-2	sent	deep
RIH0_ANA0-HG002-19_DBC0_0-sent-deep-Indel_gt50	Indel_gt50	RIH0_ANA0-HG002-19_DBC0_0	2525727871.0	2525727403.0	6.0	462.0	0.0	0.9935483870967742	0.9871794871794872	1.0	0.0	1.0	1.0	HG002	wgsHC	-1	-2	sent	deep
RIH0_ANA0-HG002-19_DBC0_0-sent-deep-All	All	RIH0_ANA0-HG002-19_DBC0_0	2525727871.0	2521853396.0	18939.0	3855536.0	4550.0	0.9969631114164075	0.9951118538640719	0.999998195774664	0.001178730214819048	0.9988212697851809	0.9988212697851809	HG002	wgsHC	-1	-2	sent	deep
RIH0_ANA0-HG002-19_DBC0_0-sent-sentd-SNPts	SNPts	RIH0_ANA0-HG002-19_DBC0_0	2525727871.0	2523458117.0	10783.0	2258971.0	5248.0	0.9964642489048787	0.9952492648983106	0.9999979203185302	0.002317796997551915	0.997682203002448	0.997682203002448	HG002	wgsHC	-1	-2	sent	sentd
RIH0_ANA0-HG002-19_DBC0_0-sent-sentd-SNPtv	SNPtv	RIH0_ANA0-HG002-19_DBC0_0	2525727871.0	2524646581.0	5786.0	1075504.0	2892.0	0.9959818232835699	0.9946489840838258	0.9999988544944434	0.002681760689023327	0.9973182393109766	0.9973182393109766	HG002	wgsHC	-1	-2	sent	sentd
RIH0_ANA0-HG002-19_DBC0_0-sent-sentd-INS_50	INS_50	RIH0_ANA0-HG002-19_DBC0_0	2525727871.0	2525491592.0	950.0	235329.0	399.0	0.997141991538261	0.9959793295214555	0.9999998420109818	0.001692628792506618	0.9983073712074934	0.9983073712074934	HG002	wgsHC	-1	-2	sent	sentd
RIH0_ANA0-HG002-19_DBC0_0-sent-sentd-INS_gt50	INS_gt50	RIH0_ANA0-HG002-19_DBC0_0	2525727871.0	2525727864.0	7.0	0.0	2.0		0.0	0.9999999992081491	1.0	0.0	0.0	HG002	wgsHC	-1	-2	sent	sentd
RIH0_ANA0-HG002-19_DBC0_0-sent-sentd-DEL_50	DEL_50	RIH0_ANA0-HG002-19_DBC0_0	2525727871.0	2525475838.0	977.0	251056.0	393.0	0.9972789493964036	0.9961235235068424	0.9999998443857855	0.001562941192846263	0.9984370588071537	0.9984370588071537	HG002	wgsHC	-1	-2	sent	sentd
RIH0_ANA0-HG002-19_DBC0_0-sent-sentd-DEL_gt50	DEL_gt50	RIH0_ANA0-HG002-19_DBC0_0	2525727871.0	2525727871.0	0.0	0.0	1.0			0.9999999996040745	1.0	0.0	0.0	HG002	wgsHC	-1	-2	sent	sentd
RIH0_ANA0-HG002-19_DBC0_0-sent-sentd-Indel_50	Indel_50	RIH0_ANA0-HG002-19_DBC0_0	2525727871.0	2525694138.0	61.0	33672.0	2.0	0.9990653789665761	0.9981916817359855	0.9999999992081385	5.939300350418721e-05	0.9999406069964958	0.9999406069964958	HG002	wgsHC	-1	-2	sent	sentd
RIH0_ANA0-HG002-19_DBC0_0-sent-sentd-Indel_gt50	Indel_gt50	RIH0_ANA0-HG002-19_DBC0_0	2525727871.0	2525727379.0	1.0	491.0	0.0	0.9989827060020345	0.9979674796747967	1.0	0.0	1.0	1.0	HG002	wgsHC	-1	-2	sent	sentd
RIH0_ANA0-HG002-19_DBC0_0-sent-sentd-All	All	RIH0_ANA0-HG002-19_DBC0_0	2525727871.0	2521854283.0	18565.0	3855023.0	8937.0	0.9964456440205606	0.9952072858548715	0.9999964561916248	0.0023129121419476393	0.9976870878580524	0.9976870878580524	HG002	wgsHC	-1	-2	sent	sentd
RIH0_ANA0-HG002-19_DBC0_0-strobe-deep-SNPts	SNPts	RIH0_ANA0-HG002-19_DBC0_0	2525727871.0	2523457712.0	17290.0	2252869.0	2338.0	0.9956626712623907	0.9923837933818732	0.9999990734943476	0.0010367119293262215	0.9989632880706738	0.9989632880706738	HG002	wgsHC	-1	-2	strobe	deep
RIH0_ANA0-HG002-19_DBC0_0-strobe-deep-SNPtv	SNPtv	RIH0_ANA0-HG002-19_DBC0_0	2525727871.0	2524645919.0	9308.0	1072644.0	1254.0	0.9951007723171834	0.9913970305521872	0.9999995032969305	0.0011677086650687496	0.9988322913349312	0.9988322913349312	HG002	wgsHC	-1	-2	strobe	deep
RIH0_ANA0-HG002-19_DBC0_0-strobe-deep-INS_50	INS_50	RIH0_ANA0-HG002-19_DBC0_0	2525727871.0	2525491614.0	1710.0	234547.0	204.0	0.9959363747537198	0.9927621192176317	0.9999999192236544	0.0008690058828290402	0.999130994117171	0.999130994117171	HG002	wgsHC	-1	-2	strobe	deep
RIH0_ANA0-HG002-19_DBC0_0-strobe-deep-INS_gt50	INS_gt50	RIH0_ANA0-HG002-19_DBC0_0	2525727871.0	2525727864.0	7.0	0.0	1.0		0.0	0.9999999996040745	1.0	0.0	0.0	HG002	wgsHC	-1	-2	strobe	deep
RIH0_ANA0-HG002-19_DBC0_0-strobe-deep-DEL_50	DEL_50	RIH0_ANA0-HG002-19_DBC0_0	2525727871.0	2525475812.0	1146.0	250913.0	224.0	0.99727740284104	0.9954534454234921	0.9999999113038505	0.0008919434412292892	0.9991080565587707	0.9991080565587707	HG002	wgsHC	-1	-2	strobe	deep
RIH0_ANA0-HG002-19_DBC0_0-strobe-deep-DEL_gt50	DEL_gt50	RIH0_ANA0-HG002-19_DBC0_0	2525727871.0	2525727871.0	0.0	0.0	0.0			1.0				HG002	wgsHC	-1	-2	strobe	deep
RIH0_ANA0-HG002-19_DBC0_0-strobe-deep-Indel_50	Indel_50	RIH0_ANA0-HG002-19_DBC0_0	2525727871.0	2525694329.0	47.0	33495.0	14.0	0.9990902447390793	0.9985987716892254	0.9999999944569699	0.0004177982034677251	0.9995822017965322	0.9995822017965322	HG002	wgsHC	-1	-2	strobe	deep
RIH0_ANA0-HG002-19_DBC0_0-strobe-deep-Indel_gt50	Indel_gt50	RIH0_ANA0-HG002-19_DBC0_0	2525727871.0	2525727396.0	5.0	470.0	0.0	0.9947089947089947	0.9894736842105263	1.0	0.0	1.0	1.0	HG002	wgsHC	-1	-2	strobe	deep
RIH0_ANA0-HG002-19_DBC0_0-strobe-deep-All	All	RIH0_ANA0-HG002-19_DBC0_0	2525727871.0	2521853420.0	29513.0	3844938.0	4035.0	0.9956563306637056	0.9923826627307972	0.9999983999888685	0.0010483315939082971	0.9989516684060917	0.9989516684060917	HG002	wgsHC	-1	-2	strobe	deep
RIH0_ANA0-HG002-19_DBC0_0-strobe-sentd-SNPts	SNPts	RIH0_ANA0-HG002-19_DBC0_0	2525727871.0	2523458090.0	14864.0	2254917.0	3793.0	0.9958800845579686	0.9934513505928545	0.9999984969061647	0.0016792771095005556	0.9983207228904994	0.9983207228904994	HG002	wgsHC	-1	-2	strobe	sentd
RIH0_ANA0-HG002-19_DBC0_0-strobe-sentd-SNPtv	SNPtv	RIH0_ANA0-HG002-19_DBC0_0	2525727871.0	2524646540.0	8117.0	1073214.0	2070.0	0.9952763937930507	0.9924935103127535	0.9999991800839167	0.0019250728179718102	0.9980749271820282	0.9980749271820282	HG002	wgsHC	-1	-2	strobe	sentd
RIH0_ANA0-HG002-19_DBC0_0-strobe-sentd-INS_50	INS_50	RIH0_ANA0-HG002-19_DBC0_0	2525727871.0	2525491609.0	1147.0	235115.0	338.0	0.9968519127015253	0.9951452201369666	0.999999866164689	0.0014355306579232373	0.9985644693420768	0.9985644693420768	HG002	wgsHC	-1	-2	strobe	sentd
RIH0_ANA0-HG002-19_DBC0_0-strobe-sentd-INS_gt50	INS_gt50	RIH0_ANA0-HG002-19_DBC0_0	2525727871.0	2525727864.0	7.0	0.0	1.0		0.0	0.9999999996040745	1.0	0.0	0.0	HG002	wgsHC	-1	-2	strobe	sentd
RIH0_ANA0-HG002-19_DBC0_0-strobe-sentd-DEL_50	DEL_50	RIH0_ANA0-HG002-19_DBC0_0	2525727871.0	2525475841.0	1111.0	250919.0	323.0	0.997150646171454	0.9955917946276237	0.9999998721033266	0.0012856130742471402	0.9987143869257529	0.9987143869257529	HG002	wgsHC	-1	-2	strobe	sentd
RIH0_ANA0-HG002-19_DBC0_0-strobe-sentd-DEL_gt50	DEL_gt50	RIH0_ANA0-HG002-19_DBC0_0	2525727871.0	2525727871.0	0.0	0.0	0.0			1.0				HG002	wgsHC	-1	-2	strobe	sentd
RIH0_ANA0-HG002-19_DBC0_0-strobe-sentd-Indel_50	Indel_50	RIH0_ANA0-HG002-19_DBC0_0	2525727871.0	2525694151.0	71.0	33649.0	3.0	0.9989016208513923	0.9978944246737841	0.9999999988122077	8.914774753357899e-05	0.9999108522524665	0.9999108522524665	HG002	wgsHC	-1	-2	strobe	sentd
RIH0_ANA0-HG002-19_DBC0_0-strobe-sentd-Indel_gt50	Indel_gt50	RIH0_ANA0-HG002-19_DBC0_0	2525727871.0	2525727376.0	0.0	495.0	0.0	1.0	1.0	1.0	0.0	1.0	1.0	HG002	wgsHC	-1	-2	strobe	sentd
RIH0_ANA0-HG002-19_DBC0_0-strobe-sentd-All	All	RIH0_ANA0-HG002-19_DBC0_0	2525727871.0	2521854245.0	25317.0	3848309.0	6528.0	0.9958795170527439	0.99346426319939	0.9999974114352109	0.001693456818018505	0.9983065431819815	0.9983065431819815	HG002	wgsHC	-1	-2	strobe	sentd
RIH0_ANA0-HG003-19_DBC0_0-bwa2a-deep-SNPts	SNPts	RIH0_ANA0-HG003-19_DBC0_0	2511595854.0	2509350842.0	11040.0	2233972.0	3086.0	0.9968483312398067	0.995082431630655	0.9999987702013791	0.001379490384245737	0.9986205096157542	0.9986205096157542	HG003	wgsHC	-1	-2	bwa2a	deep
RIH0_ANA0-HG003-19_DBC0_0-bwa2a-deep-SNPtv	SNPtv	RIH0_ANA0-HG003-19_DBC0_0	2511595854.0	2510527171.0	6000.0	1062683.0	1802.0	0.9963425290460012	0.994385612946028	0.999999282222982	0.0016928373814567607	0.9983071626185432	0.9983071626185432	HG003	wgsHC	-1	-2	bwa2a	deep
RIH0_ANA0-HG003-19_DBC0_0-bwa2a-deep-INS_50	INS_50	RIH0_ANA0-HG003-19_DBC0_0	2511595854.0	2511368796.0	1361.0	225697.0	234.0	0.9964789431972962	0.9940059368090972	0.9999999068237295	0.0010357144437903609	0.9989642855562096	0.9989642855562096	HG003	wgsHC	-1	-2	bwa2a	deep
RIH0_ANA0-HG003-19_DBC0_0-bwa2a-deep-INS_gt50	INS_gt50	RIH0_ANA0-HG003-19_DBC0_0	2511595854.0	2511595854.0	0.0	0.0	0.0			1.0				HG003	wgsHC	-1	-2	bwa2a	deep
RIH0_ANA0-HG003-19_DBC0_0-bwa2a-deep-DEL_50	DEL_50	RIH0_ANA0-HG003-19_DBC0_0	2511595854.0	2511354482.0	788.0	240584.0	247.0	0.9978536010767249	0.9967353296985566	0.9999999016467099	0.0010256154730910888	0.9989743845269089	0.9989743845269089	HG003	wgsHC	-1	-2	bwa2a	deep
RIH0_ANA0-HG003-19_DBC0_0-bwa2a-deep-DEL_gt50	DEL_gt50	RIH0_ANA0-HG003-19_DBC0_0	2511595854.0	2511595854.0	0.0	0.0	0.0			1.0				HG003	wgsHC	-1	-2	bwa2a	deep
RIH0_ANA0-HG003-19_DBC0_0-bwa2a-deep-Indel_50	Indel_50	RIH0_ANA0-HG003-19_DBC0_0	2511595854.0	2511564051.0	53.0	31750.0	59.0	0.9982393259133497	0.9983334905512059	0.9999999765086626	0.001854820962620642	0.9981451790373793	0.9981451790373793	HG003	wgsHC	-1	-2	bwa2a	deep
RIH0_ANA0-HG003-19_DBC0_0-bwa2a-deep-Indel_gt50	Indel_gt50	RIH0_ANA0-HG003-19_DBC0_0	2511595854.0	2511595407.0	8.0	439.0	0.0	0.9909706546275395	0.9821029082774049	1.0	0.0	1.0	1.0	HG003	wgsHC	-1	-2	bwa2a	deep
RIH0_ANA0-HG003-19_DBC0_0-bwa2a-deep-All	All	RIH0_ANA0-HG003-19_DBC0_0	2511595854.0	2507781479.0	19250.0	3795125.0	5428.0	0.9967592602320073	0.9949533016549238	0.999997835541774	0.001428213210024962	0.998571786789975	0.998571786789975	HG003	wgsHC	-1	-2	bwa2a	deep
RIH0_ANA0-HG003-19_DBC0_0-bwa2a-sentd-SNPts	SNPts	RIH0_ANA0-HG003-19_DBC0_0	2511595854.0	2509351259.0	10811.0	2233784.0	5595.0	0.9963411919872862	0.9951835409060432	0.9999977703450225	0.0024984605107040837	0.9975015394892959	0.9975015394892959	HG003	wgsHC	-1	-2	bwa2a	sentd
RIH0_ANA0-HG003-19_DBC0_0-bwa2a-sentd-SNPtv	SNPtv	RIH0_ANA0-HG003-19_DBC0_0	2511595854.0	2510527829.0	6025.0	1062000.0	3105.0	0.9957199045534028	0.994358746284029	0.9999987632098223	0.0029152055431154677	0.9970847944568846	0.9970847944568846	HG003	wgsHC	-1	-2	bwa2a	sentd
RIH0_ANA0-HG003-19_DBC0_0-bwa2a-sentd-INS_50	INS_50	RIH0_ANA0-HG003-19_DBC0_0	2511595854.0	2511368783.0	900.0	226171.0	394.0	0.997147492703401	0.9960364819814067	0.9999998431134683	0.0017390152936243462	0.9982609847063757	0.9982609847063757	HG003	wgsHC	-1	-2	bwa2a	sentd
RIH0_ANA0-HG003-19_DBC0_0-bwa2a-sentd-INS_gt50	INS_gt50	RIH0_ANA0-HG003-19_DBC0_0	2511595854.0	2511595854.0	0.0	0.0	2.0			0.9999999992036935	1.0	0.0	0.0	HG003	wgsHC	-1	-2	bwa2a	sentd
RIH0_ANA0-HG003-19_DBC0_0-bwa2a-sentd-DEL_50	DEL_50	RIH0_ANA0-HG003-19_DBC0_0	2511595854.0	2511354290.0	913.0	240651.0	399.0	0.9972814713207656	0.99622046331407	0.9999998411216059	0.001655258245177349	0.9983447417548227	0.9983447417548227	HG003	wgsHC	-1	-2	bwa2a	sentd
RIH0_ANA0-HG003-19_DBC0_0-bwa2a-sentd-DEL_gt50	DEL_gt50	RIH0_ANA0-HG003-19_DBC0_0	2511595854.0	2511595854.0	0.0	0.0	2.0			0.9999999992036935	1.0	0.0	0.0	HG003	wgsHC	-1	-2	bwa2a	sentd
RIH0_ANA0-HG003-19_DBC0_0-bwa2a-sentd-Indel_50	Indel_50	RIH0_ANA0-HG003-19_DBC0_0	2511595854.0	2511564030.0	61.0	31763.0	17.0	0.9987736620338343	0.9980832076420312	0.9999999932313094	0.0005349276274386407	0.9994650723725613	0.9994650723725613	HG003	wgsHC	-1	-2	bwa2a	sentd
RIH0_ANA0-HG003-19_DBC0_0-bwa2a-sentd-Indel_gt50	Indel_gt50	RIH0_ANA0-HG003-19_DBC0_0	2511595854.0	2511595398.0	1.0	455.0	0.0	0.9989023051591658	0.9978070175438597	1.0	0.0	1.0	1.0	HG003	wgsHC	-1	-2	bwa2a	sentd
RIH0_ANA0-HG003-19_DBC0_0-bwa2a-sentd-All	All	RIH0_ANA0-HG003-19_DBC0_0	2511595854.0	2507782319.0	18711.0	3794824.0	9514.0	0.9962948975389851	0.9950935287076165	0.9999962062241871	0.00250082931642772	0.9974991706835723	0.9974991706835723	HG003	wgsHC	-1	-2	bwa2a	sentd
RIH0_ANA0-HG003-19_DBC0_0-sent-deep-SNPts	SNPts	RIH0_ANA0-HG003-19_DBC0_0	2511595854.0	2509350840.0	10424.0	2234590.0	3322.0	0.9969336991063426	0.9953568218282826	0.9999986761533902	0.001484419405231305	0.9985155805947687	0.9985155805947687	HG003	wgsHC	-1	-2	sent	deep
RIH0_ANA0-HG003-19_DBC0_0-sent-deep-SNPtv	SNPtv	RIH0_ANA0-HG003-19_DBC0_0	2511595854.0	2510527168.0	5608.0	1063078.0	1952.0	0.9964568855461552	0.9947524342978199	0.999999222474663	0.0018328122212519836	0.998167187778748	0.998167187778748	HG003	wgsHC	-1	-2	sent	deep
RIH0_ANA0-HG003-19_DBC0_0-sent-deep-INS_50	INS_50	RIH0_ANA0-HG003-19_DBC0_0	2511595854.0	2511368798.0	1312.0	225744.0	234.0	0.9965874525973768	0.9942216898033965	0.9999999068237296	0.001035499030879112	0.9989645009691209	0.9989645009691209	HG003	wgsHC	-1	-2	sent	deep
RIH0_ANA0-HG003-19_DBC0_0-sent-deep-INS_gt50	INS_gt50	RIH0_ANA0-HG003-19_DBC0_0	2511595854.0	2511595854.0	0.0	0.0	0.0			1.0				HG003	wgsHC	-1	-2	sent	deep
RIH0_ANA0-HG003-19_DBC0_0-sent-deep-DEL_50	DEL_50	RIH0_ANA0-HG003-19_DBC0_0	2511595854.0	2511354485.0	761.0	240608.0	251.0	0.997901407632904	0.9968471510425946	0.9999999000539445	0.0010421034713255473	0.9989578965286745	0.9989578965286745	HG003	wgsHC	-1	-2	sent	deep
RIH0_ANA0-HG003-19_DBC0_0-sent-deep-DEL_gt50	DEL_gt50	RIH0_ANA0-HG003-19_DBC0_0	2511595854.0	2511595854.0	0.0	0.0	0.0			1.0				HG003	wgsHC	-1	-2	sent	deep
RIH0_ANA0-HG003-19_DBC0_0-sent-deep-Indel_50	Indel_50	RIH0_ANA0-HG003-19_DBC0_0	2511595854.0	2511564048.0	53.0	31753.0	59.0	0.9982394919676821	0.9983336477394202	0.9999999765086626	0.0018546460455174149	0.9981453539544826	0.9981453539544826	HG003	wgsHC	-1	-2	sent	deep
RIH0_ANA0-HG003-19_DBC0_0-sent-deep-Indel_gt50	Indel_gt50	RIH0_ANA0-HG003-19_DBC0_0	2511595854.0	2511595406.0	8.0	440.0	0.0	0.9909909909909909	0.9821428571428571	1.0	0.0	1.0	1.0	HG003	wgsHC	-1	-2	sent	deep
RIH0_ANA0-HG003-19_DBC0_0-sent-deep-All	All	RIH0_ANA0-HG003-19_DBC0_0	2511595854.0	2507781475.0	18166.0	3796213.0	5818.0	0.9968510098589755	0.9952374947534055	0.9999976800265252	0.0015302347613683318	0.9984697652386316	0.9984697652386316	HG003	wgsHC	-1	-2	sent	deep
RIH0_ANA0-HG003-19_DBC0_0-sent-sentd-SNPts	SNPts	RIH0_ANA0-HG003-19_DBC0_0	2511595854.0	2509351265.0	10266.0	2234323.0	6051.0	0.9963618428959167	0.9954263341752098	0.999997588625597	0.002700888333822835	0.9972991116661771	0.9972991116661771	HG003	wgsHC	-1	-2	sent	sentd
RIH0_ANA0-HG003-19_DBC0_0-sent-sentd-SNPtv	SNPtv	RIH0_ANA0-HG003-19_DBC0_0	2511595854.0	2510527826.0	5610.0	1062418.0	3353.0	0.9957995106380686	0.9947473287217189	0.9999986644260672	0.003146079223397897	0.9968539207766021	0.9968539207766021	HG003	wgsHC	-1	-2	sent	sentd
RIH0_ANA0-HG003-19_DBC0_0-sent-sentd-INS_50	INS_50	RIH0_ANA0-HG003-19_DBC0_0	2511595854.0	2511368784.0	872.0	226198.0	397.0	0.997202781788324	0.9961597745188708	0.999999841918901	0.0017520245371698405	0.9982479754628302	0.9982479754628302	HG003	wgsHC	-1	-2	sent	sentd
RIH0_ANA0-HG003-19_DBC0_0-sent-sentd-INS_gt50	INS_gt50	RIH0_ANA0-HG003-19_DBC0_0	2511595854.0	2511595854.0	0.0	0.0	3.0			0.9999999988055404	1.0	0.0	0.0	HG003	wgsHC	-1	-2	sent	sentd
RIH0_ANA0-HG003-19_DBC0_0-sent-sentd-DEL_50	DEL_50	RIH0_ANA0-HG003-19_DBC0_0	2511595854.0	2511354291.0	865.0	240698.0	424.0	0.9973295213234304	0.9964191535955423	0.999999831166821	0.001758445931934871	0.9982415540680651	0.9982415540680651	HG003	wgsHC	-1	-2	sent	sentd
RIH0_ANA0-HG003-19_DBC0_0-sent-sentd-DEL_gt50	DEL_gt50	RIH0_ANA0-HG003-19_DBC0_0	2511595854.0	2511595854.0	0.0	0.0	1.0			0.9999999996018468	1.0	0.0	0.0	HG003	wgsHC	-1	-2	sent	sentd
RIH0_ANA0-HG003-19_DBC0_0-sent-sentd-Indel_50	Indel_50	RIH0_ANA0-HG003-19_DBC0_0	2511595854.0	2511564027.0	57.0	31770.0	18.0	0.9988210327752888	0.9982090677726458	0.9999999928331511	0.0005662514156285391	0.9994337485843715	0.9994337485843715	HG003	wgsHC	-1	-2	sent	sentd
RIH0_ANA0-HG003-19_DBC0_0-sent-sentd-Indel_gt50	Indel_gt50	RIH0_ANA0-HG003-19_DBC0_0	2511595854.0	2511595398.0	1.0	455.0	0.0	0.9989023051591658	0.9978070175438597	1.0	0.0	1.0	1.0	HG003	wgsHC	-1	-2	sent	sentd
RIH0_ANA0-HG003-19_DBC0_0-sent-sentd-All	All	RIH0_ANA0-HG003-19_DBC0_0	2511595854.0	2507782321.0	17671.0	3795862.0	10247.0	0.9963360483340293	0.9953662391278638	0.9999959139363714	0.0026922507999639525	0.9973077492000361	0.9973077492000361	HG003	wgsHC	-1	-2	sent	sentd
RIH0_ANA0-HG003-19_DBC0_0-strobe-deep-SNPts	SNPts	RIH0_ANA0-HG003-19_DBC0_0	2511595854.0	2509350895.0	16691.0	2228268.0	3083.0	0.995582522211375	0.9925651203429551	0.9999987713969304	0.0013816741516686527	0.9986183258483313	0.9986183258483313	HG003	wgsHC	-1	-2	strobe	deep
RIH0_ANA0-HG003-19_DBC0_0-strobe-deep-SNPtv	SNPtv	RIH0_ANA0-HG003-19_DBC0_0	2511595854.0	2510527181.0	9093.0	1059580.0	1750.0	0.9949093968412251	0.9914913168013041	0.9999993029357366	0.0016488745253596903	0.9983511254746403	0.9983511254746403	HG003	wgsHC	-1	-2	strobe	deep
RIH0_ANA0-HG003-19_DBC0_0-strobe-deep-INS_50	INS_50	RIH0_ANA0-HG003-19_DBC0_0	2511595854.0	2511368777.0	1516.0	225561.0	241.0	0.9961203765244139	0.9933238505000507	0.9999999040364047	0.0010673067554760366	0.9989326932445239	0.9989326932445239	HG003	wgsHC	-1	-2	strobe	deep
RIH0_ANA0-HG003-19_DBC0_0-strobe-deep-INS_gt50	INS_gt50	RIH0_ANA0-HG003-19_DBC0_0	2511595854.0	2511595854.0	0.0	0.0	0.0			1.0				HG003	wgsHC	-1	-2	strobe	deep
RIH0_ANA0-HG003-19_DBC0_0-strobe-deep-DEL_50	DEL_50	RIH0_ANA0-HG003-19_DBC0_0	2511595854.0	2511354451.0	1000.0	240403.0	246.0	0.9974152166156348	0.9958575494090794	0.9999999020449002	0.0010222357042830013	0.998977764295717	0.998977764295717	HG003	wgsHC	-1	-2	strobe	deep
RIH0_ANA0-HG003-19_DBC0_0-strobe-deep-DEL_gt50	DEL_gt50	RIH0_ANA0-HG003-19_DBC0_0	2511595854.0	2511595854.0	0.0	0.0	1.0			0.9999999996018468	1.0	0.0	0.0	HG003	wgsHC	-1	-2	strobe	deep
RIH0_ANA0-HG003-19_DBC0_0-strobe-deep-Indel_50	Indel_50	RIH0_ANA0-HG003-19_DBC0_0	2511595854.0	2511564062.0	51.0	31741.0	63.0	0.9982074344298384	0.9983958228485154	0.9999999749160297	0.0019808829078103384	0.9980191170921897	0.9980191170921897	HG003	wgsHC	-1	-2	strobe	deep
RIH0_ANA0-HG003-19_DBC0_0-strobe-deep-Indel_gt50	Indel_gt50	RIH0_ANA0-HG003-19_DBC0_0	2511595854.0	2511595408.0	5.0	441.0	0.0	0.9943630214205187	0.9887892376681614	1.0	0.0	1.0	1.0	HG003	wgsHC	-1	-2	strobe	deep
RIH0_ANA0-HG003-19_DBC0_0-strobe-deep-All	All	RIH0_ANA0-HG003-19_DBC0_0	2511595854.0	2507781504.0	28356.0	3785994.0	5384.0	0.9955638697571093	0.9925659679893035	0.9999978530871081	0.0014200641560931145	0.9985799358439069	0.9985799358439069	HG003	wgsHC	-1	-2	strobe	deep
RIH0_ANA0-HG003-19_DBC0_0-strobe-sentd-SNPts	SNPts	RIH0_ANA0-HG003-19_DBC0_0	2511595854.0	2509351244.0	14227.0	2230383.0	4437.0	0.9958333984457843	0.9936617051514517	0.9999982318170224	0.0019853947968963945	0.9980146052031036	0.9980146052031036	HG003	wgsHC	-1	-2	strobe	sentd
RIH0_ANA0-HG003-19_DBC0_0-strobe-sentd-SNPtv	SNPtv	RIH0_ANA0-HG003-19_DBC0_0	2511595854.0	2510527796.0	7881.0	1060177.0	2410.0	0.9951700072043912	0.9926211872388953	0.9999990400434162	0.002268049580881377	0.9977319504191187	0.9977319504191187	HG003	wgsHC	-1	-2	strobe	sentd
RIH0_ANA0-HG003-19_DBC0_0-strobe-sentd-INS_50	INS_50	RIH0_ANA0-HG003-19_DBC0_0	2511595854.0	2511368773.0	1038.0	226043.0	339.0	0.9969633685659028	0.9954289438570378	0.999999865013869	0.0014974688800346318	0.9985025311199653	0.9985025311199653	HG003	wgsHC	-1	-2	strobe	sentd
RIH0_ANA0-HG003-19_DBC0_0-strobe-sentd-INS_gt50	INS_gt50	RIH0_ANA0-HG003-19_DBC0_0	2511595854.0	2511595854.0	0.0	0.0	2.0			0.9999999992036935	1.0	0.0	0.0	HG003	wgsHC	-1	-2	strobe	sentd
RIH0_ANA0-HG003-19_DBC0_0-strobe-sentd-DEL_50	DEL_50	RIH0_ANA0-HG003-19_DBC0_0	2511595854.0	2511354291.0	998.0	240565.0	314.0	0.9972805021121709	0.9958685725876893	0.9999998749678761	0.0013035590483188655	0.9986964409516811	0.9986964409516811	HG003	wgsHC	-1	-2	strobe	sentd
RIH0_ANA0-HG003-19_DBC0_0-strobe-sentd-DEL_gt50	DEL_gt50	RIH0_ANA0-HG003-19_DBC0_0	2511595854.0	2511595854.0	0.0	0.0	1.0			0.9999999996018468	1.0	0.0	0.0	HG003	wgsHC	-1	-2	strobe	sentd
RIH0_ANA0-HG003-19_DBC0_0-strobe-sentd-Indel_50	Indel_50	RIH0_ANA0-HG003-19_DBC0_0	2511595854.0	2511564060.0	66.0	31728.0	19.0	0.9986622810468831	0.9979241366295527	0.9999999924349929	0.0005984817463067376	0.9994015182536933	0.9994015182536933	HG003	wgsHC	-1	-2	strobe	sentd
RIH0_ANA0-HG003-19_DBC0_0-strobe-sentd-Indel_gt50	Indel_gt50	RIH0_ANA0-HG003-19_DBC0_0	2511595854.0	2511595395.0	2.0	457.0	0.0	0.9978165938864628	0.9956427015250545	1.0	0.0	1.0	1.0	HG003	wgsHC	-1	-2	strobe	sentd
RIH0_ANA0-HG003-19_DBC0_0-strobe-sentd-All	All	RIH0_ANA0-HG003-19_DBC0_0	2511595854.0	2507782289.0	24212.0	3789353.0	7522.0	0.995830201670337	0.9936510850083845	0.9999970005460717	0.001981102880658436	0.9980188971193416	0.9980188971193416	HG003	wgsHC	-1	-2	strobe	sentd
RIH0_ANA0-HG004-19_DBC0_0-bwa2a-deep-SNPts	SNPts	RIH0_ANA0-HG004-19_DBC0_0	2512355116.0	2510092990.0	12295.0	2249831.0	2985.0	0.9966156818847286	0.9945648474046096	0.9999988108024436	0.0013250083451111852	0.9986749916548888	0.9986749916548888	HG004	wgsHC	-1	-2	bwa2a	deep
RIH0_ANA0-HG004-19_DBC0_0-bwa2a-deep-SNPtv	SNPtv	RIH0_ANA0-HG004-19_DBC0_0	2512355116.0	2511277132.0	6438.0	1071546.0	1690.0	0.9962216788612973	0.9940277406714756	0.9999993270360961	0.0015746769582831734	0.9984253230417168	0.9984253230417168	HG004	wgsHC	-1	-2	bwa2a	deep
RIH0_ANA0-HG004-19_DBC0_0-bwa2a-deep-INS_50	INS_50	RIH0_ANA0-HG004-19_DBC0_0	2512355116.0	2512125447.0	1387.0	228282.0	238.0	0.9964534286069723	0.9939608741275487	0.9999999052595173	0.0010414843339751445	0.9989585156660249	0.9989585156660249	HG004	wgsHC	-1	-2	bwa2a	deep
RIH0_ANA0-HG004-19_DBC0_0-bwa2a-deep-INS_gt50	INS_gt50	RIH0_ANA0-HG004-19_DBC0_0	2512355116.0	2512355116.0	0.0	0.0	6.0			0.9999999976118026	1.0	0.0	0.0	HG004	wgsHC	-1	-2	bwa2a	deep
RIH0_ANA0-HG004-19_DBC0_0-bwa2a-deep-DEL_50	DEL_50	RIH0_ANA0-HG004-19_DBC0_0	2512355116.0	2512110137.0	861.0	244118.0	247.0	0.9977357441799634	0.9964854130354031	0.9999999016762952	0.0010107830499457779	0.9989892169500543	0.9989892169500543	HG004	wgsHC	-1	-2	bwa2a	deep
RIH0_ANA0-HG004-19_DBC0_0-bwa2a-deep-DEL_gt50	DEL_gt50	RIH0_ANA0-HG004-19_DBC0_0	2512355116.0	2512355116.0	0.0	0.0	0.0			1.0				HG004	wgsHC	-1	-2	bwa2a	deep
RIH0_ANA0-HG004-19_DBC0_0-bwa2a-deep-Indel_50	Indel_50	RIH0_ANA0-HG004-19_DBC0_0	2512355116.0	2512322080.0	36.0	33000.0	32.0	0.9989707574014651	0.9989102796948783	0.9999999872627798	0.0009687575684185032	0.9990312424315815	0.9990312424315815	HG004	wgsHC	-1	-2	bwa2a	deep
RIH0_ANA0-HG004-19_DBC0_0-bwa2a-deep-Indel_gt50	Indel_gt50	RIH0_ANA0-HG004-19_DBC0_0	2512355116.0	2512354684.0	5.0	427.0	0.0	0.9941792782305006	0.9884259259259259	1.0	0.0	1.0	1.0	HG004	wgsHC	-1	-2	bwa2a	deep
RIH0_ANA0-HG004-19_DBC0_0-bwa2a-deep-All	All	RIH0_ANA0-HG004-19_DBC0_0	2512355116.0	2508506890.0	21022.0	3827204.0	5198.0	0.9965862166479096	0.9945372231256688	0.9999979278553112	0.0013563295291047234	0.9986436704708953	0.9986436704708953	HG004	wgsHC	-1	-2	bwa2a	deep
RIH0_ANA0-HG004-19_DBC0_0-bwa2a-sentd-SNPts	SNPts	RIH0_ANA0-HG004-19_DBC0_0	2512355116.0	2510093452.0	12046.0	2249618.0	5404.0	0.9961365479025995	0.9946738330715792	0.999997847096744	0.002396428948365027	0.997603571051635	0.997603571051635	HG004	wgsHC	-1	-2	bwa2a	sentd
RIH0_ANA0-HG004-19_DBC0_0-bwa2a-sentd-SNPtv	SNPtv	RIH0_ANA0-HG004-19_DBC0_0	2512355116.0	2511277822.0	6443.0	1070851.0	2987.0	0.9956162615776251	0.9940192742185513	0.9999988105671062	0.002781611378997577	0.9972183886210024	0.9972183886210024	HG004	wgsHC	-1	-2	bwa2a	sentd
RIH0_ANA0-HG004-19_DBC0_0-bwa2a-sentd-INS_50	INS_50	RIH0_ANA0-HG004-19_DBC0_0	2512355116.0	2512125402.0	935.0	228779.0	383.0	0.9971277643633575	0.9959297213056235	0.9999998475394813	0.0016713067611558636	0.9983286932388441	0.9983286932388441	HG004	wgsHC	-1	-2	bwa2a	sentd
RIH0_ANA0-HG004-19_DBC0_0-bwa2a-sentd-INS_gt50	INS_gt50	RIH0_ANA0-HG004-19_DBC0_0	2512355116.0	2512355116.0	0.0	0.0	0.0			1.0				HG004	wgsHC	-1	-2	bwa2a	sentd
RIH0_ANA0-HG004-19_DBC0_0-bwa2a-sentd-DEL_50	DEL_50	RIH0_ANA0-HG004-19_DBC0_0	2512355116.0	2512109982.0	933.0	244201.0	364.0	0.9973514342483852	0.9961939184282882	0.9999998551019064	0.0014883568785394475	0.9985116431214606	0.9985116431214606	HG004	wgsHC	-1	-2	bwa2a	sentd
RIH0_ANA0-HG004-19_DBC0_0-bwa2a-sentd-DEL_gt50	DEL_gt50	RIH0_ANA0-HG004-19_DBC0_0	2512355116.0	2512355116.0	0.0	0.0	0.0			1.0				HG004	wgsHC	-1	-2	bwa2a	sentd
RIH0_ANA0-HG004-19_DBC0_0-bwa2a-sentd-Indel_50	Indel_50	RIH0_ANA0-HG004-19_DBC0_0	2512355116.0	2512321991.0	72.0	33053.0	3.0	0.9988667442317282	0.9978264150943397	0.9999999988058855	9.075508228460794e-05	0.9999092449177154	0.9999092449177154	HG004	wgsHC	-1	-2	bwa2a	sentd
RIH0_ANA0-HG004-19_DBC0_0-bwa2a-sentd-Indel_gt50	Indel_gt50	RIH0_ANA0-HG004-19_DBC0_0	2512355116.0	2512354681.0	0.0	435.0	0.0	1.0	1.0	1.0	0.0	1.0	1.0	HG004	wgsHC	-1	-2	bwa2a	sentd
RIH0_ANA0-HG004-19_DBC0_0-bwa2a-sentd-All	All	RIH0_ANA0-HG004-19_DBC0_0	2512355116.0	2508507750.0	20429.0	3826937.0	9141.0	0.9961514654105633	0.9946901334575395	0.999996356014172	0.00238290253743537	0.9976170974625647	0.9976170974625647	HG004	wgsHC	-1	-2	bwa2a	sentd
RIH0_ANA0-HG004-19_DBC0_0-sent-deep-SNPts	SNPts	RIH0_ANA0-HG004-19_DBC0_0	2512355116.0	2510092990.0	11675.0	2250451.0	3219.0	0.9967017996384248	0.9948389258600095	0.999998717579036	0.0014283368904941718	0.9985716631095058	0.9985716631095058	HG004	wgsHC	-1	-2	sent	deep
RIH0_ANA0-HG004-19_DBC0_0-sent-deep-SNPtv	SNPtv	RIH0_ANA0-HG004-19_DBC0_0	2512355116.0	2511277132.0	6025.0	1071959.0	1816.0	0.9963560045525545	0.9944108632410128	0.9999992768624921	0.0016912295406393333	0.9983087704593606	0.9983087704593606	HG004	wgsHC	-1	-2	sent	deep
RIH0_ANA0-HG004-19_DBC0_0-sent-deep-INS_50	INS_50	RIH0_ANA0-HG004-19_DBC0_0	2512355116.0	2512125451.0	1350.0	228315.0	240.0	0.9965300510671731	0.9941218731630853	0.999999904463379	0.0010500754741747064	0.9989499245258253	0.9989499245258253	HG004	wgsHC	-1	-2	sent	deep
RIH0_ANA0-HG004-19_DBC0_0-sent-deep-INS_gt50	INS_gt50	RIH0_ANA0-HG004-19_DBC0_0	2512355116.0	2512355116.0	0.0	0.0	6.0			0.9999999976118026	1.0	0.0	0.0	HG004	wgsHC	-1	-2	sent	deep
RIH0_ANA0-HG004-19_DBC0_0-sent-deep-DEL_50	DEL_50	RIH0_ANA0-HG004-19_DBC0_0	2512355116.0	2512110137.0	837.0	244142.0	264.0	0.9977502375430387	0.9965833806162977	0.9999998949090773	0.001080169881263144	0.9989198301187369	0.9989198301187369	HG004	wgsHC	-1	-2	sent	deep
RIH0_ANA0-HG004-19_DBC0_0-sent-deep-DEL_gt50	DEL_gt50	RIH0_ANA0-HG004-19_DBC0_0	2512355116.0	2512355116.0	0.0	0.0	0.0			1.0				HG004	wgsHC	-1	-2	sent	deep
RIH0_ANA0-HG004-19_DBC0_0-sent-deep-Indel_50	Indel_50	RIH0_ANA0-HG004-19_DBC0_0	2512355116.0	2512322076.0	36.0	33004.0	32.0	0.9989708820146498	0.998910411622276	0.9999999872627797	0.000968640271219276	0.9990313597287808	0.9990313597287808	HG004	wgsHC	-1	-2	sent	deep
RIH0_ANA0-HG004-19_DBC0_0-sent-deep-Indel_gt50	Indel_gt50	RIH0_ANA0-HG004-19_DBC0_0	2512355116.0	2512354685.0	5.0	426.0	0.0	0.9941656942823804	0.988399071925754	1.0	0.0	1.0	1.0	HG004	wgsHC	-1	-2	sent	deep
RIH0_ANA0-HG004-19_DBC0_0-sent-deep-All	All	RIH0_ANA0-HG004-19_DBC0_0	2512355116.0	2508506891.0	19928.0	3828297.0	5577.0	0.9966799438538868	0.9948215086176094	0.9999977767700694	0.001454664394291518	0.9985453356057085	0.9985453356057085	HG004	wgsHC	-1	-2	sent	deep
RIH0_ANA0-HG004-19_DBC0_0-sent-sentd-SNPts	SNPts	RIH0_ANA0-HG004-19_DBC0_0	2512355116.0	2510093452.0	11539.0	2250125.0	5764.0	0.9961698291088118	0.9948980043012579	0.9999977036764272	0.002555090254883995	0.997444909745116	0.997444909745116	HG004	wgsHC	-1	-2	sent	sentd
RIH0_ANA0-HG004-19_DBC0_0-sent-sentd-SNPtv	SNPtv	RIH0_ANA0-HG004-19_DBC0_0	2512355116.0	2511277828.0	6093.0	1071195.0	3151.0	0.9957037302812652	0.9943441308173859	0.9999987452618698	0.002932947113872067	0.997067052886128	0.997067052886128	HG004	wgsHC	-1	-2	sent	sentd
RIH0_ANA0-HG004-19_DBC0_0-sent-sentd-INS_50	INS_50	RIH0_ANA0-HG004-19_DBC0_0	2512355116.0	2512125401.0	909.0	228806.0	391.0	0.9971672128861307	0.9960429227521058	0.999999844354928	0.001705956011640641	0.9982940439883594	0.9982940439883594	HG004	wgsHC	-1	-2	sent	sentd
RIH0_ANA0-HG004-19_DBC0_0-sent-sentd-INS_gt50	INS_gt50	RIH0_ANA0-HG004-19_DBC0_0	2512355116.0	2512355116.0	0.0	0.0	0.0			1.0				HG004	wgsHC	-1	-2	sent	sentd
RIH0_ANA0-HG004-19_DBC0_0-sent-sentd-DEL_50	DEL_50	RIH0_ANA0-HG004-19_DBC0_0	2512355116.0	2512109983.0	900.0	244233.0	378.0	0.9973904733901793	0.9963285236993795	0.9999998495289038	0.0015453107178336216	0.9984546892821664	0.9984546892821664	HG004	wgsHC	-1	-2	sent	sentd
RIH0_ANA0-HG004-19_DBC0_0-sent-sentd-DEL_gt50	DEL_gt50	RIH0_ANA0-HG004-19_DBC0_0	2512355116.0	2512355116.0	0.0	0.0	0.0			1.0				HG004	wgsHC	-1	-2	sent	sentd
RIH0_ANA0-HG004-19_DBC0_0-sent-sentd-Indel_50	Indel_50	RIH0_ANA0-HG004-19_DBC0_0	2512355116.0	2512321990.0	69.0	33057.0	3.0	0.9989121566494424	0.9979170440137656	0.9999999988058855	9.074410163339382e-05	0.9999092558983667	0.9999092558983667	HG004	wgsHC	-1	-2	sent	sentd
RIH0_ANA0-HG004-19_DBC0_0-sent-sentd-Indel_gt50	Indel_gt50	RIH0_ANA0-HG004-19_DBC0_0	2512355116.0	2512354681.0	0.0	435.0	0.0	1.0	1.0	1.0	0.0	1.0	1.0	HG004	wgsHC	-1	-2	sent	sentd
RIH0_ANA0-HG004-19_DBC0_0-sent-sentd-All	All	RIH0_ANA0-HG004-19_DBC0_0	2512355116.0	2508507755.0	19510.0	3827851.0	9687.0	0.9962007308098648	0.9949289915867006	0.9999961383565297	0.002524274678192112	0.9974757253218078	0.9974757253218078	HG004	wgsHC	-1	-2	sent	sentd
RIH0_ANA0-HG004-19_DBC0_0-strobe-deep-SNPts	SNPts	RIH0_ANA0-HG004-19_DBC0_0	2512355116.0	2510093019.0	18314.0	2243783.0	2907.0	0.9952934126185159	0.9919039722876605	0.9999988418769299	0.0012939034757799251	0.99870609652422	0.99870609652422	HG004	wgsHC	-1	-2	strobe	deep
RIH0_ANA0-HG004-19_DBC0_0-strobe-deep-SNPtv	SNPtv	RIH0_ANA0-HG004-19_DBC0_0	2512355116.0	2511277177.0	9691.0	1068248.0	1580.0	0.994752224054099	0.9910096953538188	0.999999370838464	0.0014768729178896048	0.9985231270821104	0.9985231270821104	HG004	wgsHC	-1	-2	strobe	deep
RIH0_ANA0-HG004-19_DBC0_0-strobe-deep-INS_50	INS_50	RIH0_ANA0-HG004-19_DBC0_0	2512355116.0	2512125438.0	1576.0	228102.0	267.0	0.9959763954354028	0.9931382195943886	0.9999998937155098	0.0011691604377126494	0.9988308395622874	0.9988308395622874	HG004	wgsHC	-1	-2	strobe	deep
RIH0_ANA0-HG004-19_DBC0_0-strobe-deep-INS_gt50	INS_gt50	RIH0_ANA0-HG004-19_DBC0_0	2512355116.0	2512355116.0	0.0	0.0	3.0			0.9999999988059013	1.0	0.0	0.0	HG004	wgsHC	-1	-2	strobe	deep
RIH0_ANA0-HG004-19_DBC0_0-strobe-deep-DEL_50	DEL_50	RIH0_ANA0-HG004-19_DBC0_0	2512355116.0	2512110113.0	1112.0	243891.0	241.0	0.9972338924836702	0.9954612800659584	0.999999904064724	0.000987170874772664	0.9990128291252274	0.9990128291252274	HG004	wgsHC	-1	-2	strobe	deep
RIH0_ANA0-HG004-19_DBC0_0-strobe-deep-DEL_gt50	DEL_gt50	RIH0_ANA0-HG004-19_DBC0_0	2512355116.0	2512355116.0	0.0	0.0	0.0			1.0				HG004	wgsHC	-1	-2	strobe	deep
RIH0_ANA0-HG004-19_DBC0_0-strobe-deep-Indel_50	Indel_50	RIH0_ANA0-HG004-19_DBC0_0	2512355116.0	2512322074.0	40.0	33002.0	29.0	0.9989557005130688	0.998789419526663	0.9999999884568941	0.000877963125548727	0.9991220368744512	0.9991220368744512	HG004	wgsHC	-1	-2	strobe	deep
RIH0_ANA0-HG004-19_DBC0_0-strobe-deep-Indel_gt50	Indel_gt50	RIH0_ANA0-HG004-19_DBC0_0	2512355116.0	2512354686.0	1.0	429.0	1.0	0.9976744186046511	0.9976744186046511	0.9999999996019671	0.002325581395348837	0.9976744186046511	0.9976744186046511	HG004	wgsHC	-1	-2	strobe	deep
RIH0_ANA0-HG004-19_DBC0_0-strobe-deep-All	All	RIH0_ANA0-HG004-19_DBC0_0	2512355116.0	2508506927.0	30734.0	3817455.0	5028.0	0.995337826985693	0.9920133860369125	0.9999979956244618	0.0013153753725000216	0.9986846246275	0.9986846246275	HG004	wgsHC	-1	-2	strobe	deep
RIH0_ANA0-HG004-19_DBC0_0-strobe-sentd-SNPts	SNPts	RIH0_ANA0-HG004-19_DBC0_0	2512355116.0	2510093427.0	15908.0	2245781.0	4225.0	0.9955375972888239	0.9929663185345111	0.999998316798553	0.0018777727703837234	0.9981222272296163	0.9981222272296163	HG004	wgsHC	-1	-2	strobe	sentd
RIH0_ANA0-HG004-19_DBC0_0-strobe-sentd-SNPtv	SNPtv	RIH0_ANA0-HG004-19_DBC0_0	2512355116.0	2511277778.0	8522.0	1068816.0	2284.0	0.9949702993523668	0.9920897619874172	0.99999909050367	0.0021323872654280644	0.9978676127345719	0.9978676127345719	HG004	wgsHC	-1	-2	strobe	sentd
RIH0_ANA0-HG004-19_DBC0_0-strobe-sentd-INS_50	INS_50	RIH0_ANA0-HG004-19_DBC0_0	2512355116.0	2512125401.0	1074.0	228641.0	336.0	0.9969260418755941	0.9953246414034782	0.999999866248733	0.0014673962887102197	0.9985326037112898	0.9985326037112898	HG004	wgsHC	-1	-2	strobe	sentd
RIH0_ANA0-HG004-19_DBC0_0-strobe-sentd-INS_gt50	INS_gt50	RIH0_ANA0-HG004-19_DBC0_0	2512355116.0	2512355116.0	0.0	0.0	0.0			1.0				HG004	wgsHC	-1	-2	strobe	sentd
RIH0_ANA0-HG004-19_DBC0_0-strobe-sentd-DEL_50	DEL_50	RIH0_ANA0-HG004-19_DBC0_0	2512355116.0	2512109979.0	1072.0	244065.0	310.0	0.9971767801402213	0.9956269351423898	0.9999998765977747	0.0012685421994884912	0.9987314578005115	0.9987314578005115	HG004	wgsHC	-1	-2	strobe	sentd
RIH0_ANA0-HG004-19_DBC0_0-strobe-sentd-DEL_gt50	DEL_gt50	RIH0_ANA0-HG004-19_DBC0_0	2512355116.0	2512355116.0	0.0	0.0	1.0			0.9999999996019671	1.0	0.0	0.0	HG004	wgsHC	-1	-2	strobe	sentd
RIH0_ANA0-HG004-19_DBC0_0-strobe-sentd-Indel_50	Indel_50	RIH0_ANA0-HG004-19_DBC0_0	2512355116.0	2512322027.0	68.0	33021.0	4.0	0.9989109719575279	0.9979449363836924	0.9999999984078474	0.00012112036336109008	0.9998788796366389	0.9998788796366389	HG004	wgsHC	-1	-2	strobe	sentd
RIH0_ANA0-HG004-19_DBC0_0-strobe-sentd-Indel_gt50	Indel_gt50	RIH0_ANA0-HG004-19_DBC0_0	2512355116.0	2512354681.0	1.0	434.0	0.0	0.9988492520138089	0.9977011494252873	1.0	0.0	1.0	1.0	HG004	wgsHC	-1	-2	strobe	sentd
RIH0_ANA0-HG004-19_DBC0_0-strobe-sentd-All	All	RIH0_ANA0-HG004-19_DBC0_0	2512355116.0	2508507713.0	26645.0	3820758.0	7160.0	0.9955956239484968	0.9930745492478953	0.9999971457215274	0.001870468489659392	0.9981295315103406	0.9981295315103406	HG004	wgsHC	-1	-2	strobe	sentd
RIH0_ANA0-HG005-19_DBC0_0-bwa2a-deep-SNPts	SNPts	RIH0_ANA0-HG005-19_DBC0_0	2490969503.0	2488755169.0	11811.0	2202523.0	2556.0	0.9967491157762356	0.9946661163130766	0.9999989729815907	0.0011591421441136576	0.9988408578558864	0.9988408578558864	HG005	wgsHC	-1	-2	bwa2a	deep
RIH0_ANA0-HG005-19_DBC0_0-bwa2a-deep-SNPtv	SNPtv	RIH0_ANA0-HG005-19_DBC0_0	2490969503.0	2489918369.0	6344.0	1044790.0	1405.0	0.9963053006943594	0.9939646134555632	0.9999994357247913	0.0013429618761320787	0.998657038123868	0.998657038123868	HG005	wgsHC	-1	-2	bwa2a	deep
RIH0_ANA0-HG005-19_DBC0_0-bwa2a-deep-INS_50	INS_50	RIH0_ANA0-HG005-19_DBC0_0	2490969503.0	2490777390.0	1257.0	190856.0	183.0	0.9962417004217649	0.9934569758423428	0.9999999265289675	0.0009579195871000162	0.9990420804129	0.9990420804129	HG005	wgsHC	-1	-2	bwa2a	deep
RIH0_ANA0-HG005-19_DBC0_0-bwa2a-deep-INS_gt50	INS_gt50	RIH0_ANA0-HG005-19_DBC0_0	2490969503.0	2490969503.0	0.0	0.0	2.0			0.9999999991970998	1.0	0.0	0.0	HG005	wgsHC	-1	-2	bwa2a	deep
RIH0_ANA0-HG005-19_DBC0_0-bwa2a-deep-DEL_50	DEL_50	RIH0_ANA0-HG005-19_DBC0_0	2490969503.0	2490768419.0	699.0	200385.0	211.0	0.9977345150368453	0.9965238407829564	0.9999999152871939	0.0010518654409858621	0.9989481345590141	0.9989481345590141	HG005	wgsHC	-1	-2	bwa2a	deep
RIH0_ANA0-HG005-19_DBC0_0-bwa2a-deep-DEL_gt50	DEL_gt50	RIH0_ANA0-HG005-19_DBC0_0	2490969503.0	2490969503.0	0.0	0.0	0.0			1.0				HG005	wgsHC	-1	-2	bwa2a	deep
RIH0_ANA0-HG005-19_DBC0_0-bwa2a-deep-Indel_50	Indel_50	RIH0_ANA0-HG005-19_DBC0_0	2490969503.0	2490949331.0	17.0	20155.0	48.0	0.998390092879257	0.9991572476700377	0.9999999807302387	0.002375884769588675	0.9976241152304113	0.9976241152304113	HG005	wgsHC	-1	-2	bwa2a	deep
RIH0_ANA0-HG005-19_DBC0_0-bwa2a-deep-Indel_gt50	Indel_gt50	RIH0_ANA0-HG005-19_DBC0_0	2490969503.0	2490969174.0	4.0	325.0	1.0	0.9923664122137404	0.9878419452887538	0.9999999995985498	0.003067484662576687	0.9969325153374233	0.9969325153374233	HG005	wgsHC	-1	-2	bwa2a	deep
RIH0_ANA0-HG005-19_DBC0_0-bwa2a-deep-All	All	RIH0_ANA0-HG005-19_DBC0_0	2490969503.0	2487290337.0	20132.0	3659034.0	4406.0	0.9966581347276431	0.9945281077287624	0.9999982285975506	0.0012026947350031664	0.9987973052649969	0.9987973052649969	HG005	wgsHC	-1	-2	bwa2a	deep
RIH0_ANA0-HG005-19_DBC0_0-bwa2a-sentd-SNPts	SNPts	RIH0_ANA0-HG005-19_DBC0_0	2490969503.0	2488755604.0	11479.0	2202420.0	5116.0	0.9962466936639348	0.994815029953941	0.9999979443584275	0.0023175159997390754	0.9976824840002609	0.9976824840002609	HG005	wgsHC	-1	-2	bwa2a	sentd
RIH0_ANA0-HG005-19_DBC0_0-bwa2a-sentd-SNPtv	SNPtv	RIH0_ANA0-HG005-19_DBC0_0	2490969503.0	2489918905.0	6274.0	1044324.0	2892.0	0.9956306898514358	0.9940281630081154	0.9999988385177384	0.002761607920429023	0.997238392079571	0.997238392079571	HG005	wgsHC	-1	-2	bwa2a	sentd
RIH0_ANA0-HG005-19_DBC0_0-bwa2a-sentd-INS_50	INS_50	RIH0_ANA0-HG005-19_DBC0_0	2490969503.0	2490777356.0	822.0	191325.0	363.0	0.9969127359412246	0.995722025324361	0.9999998542623867	0.0018937022661825466	0.9981062977338174	0.9981062977338174	HG005	wgsHC	-1	-2	bwa2a	sentd
RIH0_ANA0-HG005-19_DBC0_0-bwa2a-sentd-INS_gt50	INS_gt50	RIH0_ANA0-HG005-19_DBC0_0	2490969503.0	2490969503.0	0.0	0.0	0.0			1.0				HG005	wgsHC	-1	-2	bwa2a	sentd
RIH0_ANA0-HG005-19_DBC0_0-bwa2a-sentd-DEL_50	DEL_50	RIH0_ANA0-HG005-19_DBC0_0	2490969503.0	2490768404.0	694.0	200405.0	373.0	0.9973449587809206	0.996548963445865	0.9999998502470389	0.0018577732620107782	0.9981422267379892	0.9981422267379892	HG005	wgsHC	-1	-2	bwa2a	sentd
RIH0_ANA0-HG005-19_DBC0_0-bwa2a-sentd-DEL_gt50	DEL_gt50	RIH0_ANA0-HG005-19_DBC0_0	2490969503.0	2490969503.0	0.0	0.0	2.0			0.9999999991970998	1.0	0.0	0.0	HG005	wgsHC	-1	-2	bwa2a	sentd
RIH0_ANA0-HG005-19_DBC0_0-bwa2a-sentd-Indel_50	Indel_50	RIH0_ANA0-HG005-19_DBC0_0	2490969503.0	2490949131.0	21.0	20351.0	44.0	0.9984055731351338	0.9989691733752208	0.9999999823360507	0.002157391517528806	0.9978426084824712	0.9978426084824712	HG005	wgsHC	-1	-2	bwa2a	sentd
RIH0_ANA0-HG005-19_DBC0_0-bwa2a-sentd-Indel_gt50	Indel_gt50	RIH0_ANA0-HG005-19_DBC0_0	2490969503.0	2490969161.0	3.0	339.0	1.0	0.9941348973607038	0.9912280701754386	0.9999999995985498	0.0029411764705882353	0.9970588235294118	0.9970588235294118	HG005	wgsHC	-1	-2	bwa2a	sentd
RIH0_ANA0-HG005-19_DBC0_0-bwa2a-sentd-All	All	RIH0_ANA0-HG005-19_DBC0_0	2490969503.0	2487291046.0	19293.0	3659164.0	8791.0	0.9961771814594663	0.9947551378200153	0.9999964656452475	0.0023967033401445766	0.9976032966598555	0.9976032966598555	HG005	wgsHC	-1	-2	bwa2a	sentd
RIH0_ANA0-HG005-19_DBC0_0-sent-deep-SNPts	SNPts	RIH0_ANA0-HG005-19_DBC0_0	2490969503.0	2488755176.0	11245.0	2203082.0	2807.0	0.9968209698349583	0.9949217075888069	0.9999988721281783	0.0012725028321914657	0.9987274971678085	0.9987274971678085	HG005	wgsHC	-1	-2	sent	deep
RIH0_ANA0-HG005-19_DBC0_0-sent-deep-SNPtv	SNPtv	RIH0_ANA0-HG005-19_DBC0_0	2490969503.0	2489918369.0	5916.0	1045218.0	1528.0	0.9964516559574428	0.9943717927495448	0.9999993863256397	0.0014597619670865712	0.9985402380329135	0.9985402380329135	HG005	wgsHC	-1	-2	sent	deep
RIH0_ANA0-HG005-19_DBC0_0-sent-deep-INS_50	INS_50	RIH0_ANA0-HG005-19_DBC0_0	2490969503.0	2490777389.0	1220.0	190894.0	188.0	0.9963256401423815	0.993649603881029	0.9999999245215624	0.0009838707989240222	0.999016129201076	0.999016129201076	HG005	wgsHC	-1	-2	sent	deep
RIH0_ANA0-HG005-19_DBC0_0-sent-deep-INS_gt50	INS_gt50	RIH0_ANA0-HG005-19_DBC0_0	2490969503.0	2490969503.0	0.0	0.0	2.0			0.9999999991970998	1.0	0.0	0.0	HG005	wgsHC	-1	-2	sent	deep
RIH0_ANA0-HG005-19_DBC0_0-sent-deep-DEL_50	DEL_50	RIH0_ANA0-HG005-19_DBC0_0	2490969503.0	2490768416.0	681.0	200406.0	226.0	0.9977422028831098	0.9966134061376419	0.999999909264957	0.0011264404481837393	0.9988735595518162	0.9988735595518162	HG005	wgsHC	-1	-2	sent	deep
RIH0_ANA0-HG005-19_DBC0_0-sent-deep-DEL_gt50	DEL_gt50	RIH0_ANA0-HG005-19_DBC0_0	2490969503.0	2490969503.0	0.0	0.0	0.0			1.0				HG005	wgsHC	-1	-2	sent	deep
RIH0_ANA0-HG005-19_DBC0_0-sent-deep-Indel_50	Indel_50	RIH0_ANA0-HG005-19_DBC0_0	2490969503.0	2490949331.0	16.0	20156.0	47.0	0.9984396284829722	0.9992068213365061	0.9999999811316921	0.0023263871702222444	0.9976736128297777	0.9976736128297777	HG005	wgsHC	-1	-2	sent	deep
RIH0_ANA0-HG005-19_DBC0_0-sent-deep-Indel_gt50	Indel_gt50	RIH0_ANA0-HG005-19_DBC0_0	2490969503.0	2490969172.0	4.0	327.0	1.0	0.992412746585736	0.9879154078549849	0.9999999995985498	0.003048780487804878	0.9969512195121951	0.9969512195121951	HG005	wgsHC	-1	-2	sent	deep
RIH0_ANA0-HG005-19_DBC0_0-sent-deep-All	All	RIH0_ANA0-HG005-19_DBC0_0	2490969503.0	2487290338.0	19082.0	3660083.0	4799.0	0.9967482506579819	0.9948134970842569	0.9999980705948689	0.001309455529536831	0.9986905444704631	0.9986905444704631	HG005	wgsHC	-1	-2	sent	deep
RIH0_ANA0-HG005-19_DBC0_0-sent-sentd-SNPts	SNPts	RIH0_ANA0-HG005-19_DBC0_0	2490969503.0	2488755611.0	10936.0	2202956.0	5498.0	0.9962838728584331	0.9950602829767667	0.9999977908687258	0.002489524345990453	0.9975104756540095	0.9975104756540095	HG005	wgsHC	-1	-2	sent	sentd
RIH0_ANA0-HG005-19_DBC0_0-sent-sentd-SNPtv	SNPtv	RIH0_ANA0-HG005-19_DBC0_0	2490969503.0	2489918911.0	5962.0	1044630.0	3095.0	0.9956836836378871	0.9943251043221346	0.9999987569891777	0.0029540194230356248	0.9970459805769644	0.9970459805769644	HG005	wgsHC	-1	-2	sent	sentd
RIH0_ANA0-HG005-19_DBC0_0-sent-sentd-INS_50	INS_50	RIH0_ANA0-HG005-19_DBC0_0	2490969503.0	2490777352.0	796.0	191355.0	374.0	0.9969521725539231	0.9958574246295882	0.9999998498460958	0.0019506699560316906	0.9980493300439683	0.9980493300439683	HG005	wgsHC	-1	-2	sent	sentd
RIH0_ANA0-HG005-19_DBC0_0-sent-sentd-INS_gt50	INS_gt50	RIH0_ANA0-HG005-19_DBC0_0	2490969503.0	2490969503.0	0.0	0.0	2.0			0.9999999991970998	1.0	0.0	0.0	HG005	wgsHC	-1	-2	sent	sentd
RIH0_ANA0-HG005-19_DBC0_0-sent-sentd-DEL_50	DEL_50	RIH0_ANA0-HG005-19_DBC0_0	2490969503.0	2490768403.0	679.0	200421.0	387.0	0.9973476517013844	0.9966235703630035	0.999999844626285	0.0019272140552169237	0.9980727859447831	0.9980727859447831	HG005	wgsHC	-1	-2	sent	sentd
RIH0_ANA0-HG005-19_DBC0_0-sent-sentd-DEL_gt50	DEL_gt50	RIH0_ANA0-HG005-19_DBC0_0	2490969503.0	2490969503.0	0.0	0.0	2.0			0.9999999991970998	1.0	0.0	0.0	HG005	wgsHC	-1	-2	sent	sentd
RIH0_ANA0-HG005-19_DBC0_0-sent-sentd-Indel_50	Indel_50	RIH0_ANA0-HG005-19_DBC0_0	2490969503.0	2490949131.0	21.0	20351.0	44.0	0.9984055731351338	0.9989691733752208	0.9999999823360507	0.002157391517528806	0.9978426084824712	0.9978426084824712	HG005	wgsHC	-1	-2	sent	sentd
RIH0_ANA0-HG005-19_DBC0_0-sent-sentd-Indel_gt50	Indel_gt50	RIH0_ANA0-HG005-19_DBC0_0	2490969503.0	2490969163.0	2.0	338.0	1.0	0.995581737849779	0.9941176470588236	0.9999999995985498	0.0029498525073746312	0.9970501474926253	0.9970501474926253	HG005	wgsHC	-1	-2	sent	sentd
RIH0_ANA0-HG005-19_DBC0_0-sent-sentd-All	All	RIH0_ANA0-HG005-19_DBC0_0	2490969503.0	2487291056.0	18396.0	3660051.0	9403.0	0.9962167427133274	0.9949989764702333	0.999996219596243	0.002562506574547603	0.9974374934254524	0.9974374934254524	HG005	wgsHC	-1	-2	sent	sentd
RIH0_ANA0-HG005-19_DBC0_0-strobe-deep-SNPts	SNPts	RIH0_ANA0-HG005-19_DBC0_0	2490969503.0	2488755211.0	17691.0	2196601.0	2338.0	0.9954616017153871	0.9920105388087931	0.9999990605754261	0.0010632400444032326	0.9989367599555967	0.9989367599555967	HG005	wgsHC	-1	-2	strobe	deep
RIH0_ANA0-HG005-19_DBC0_0-strobe-deep-SNPtv	SNPtv	RIH0_ANA0-HG005-19_DBC0_0	2490969503.0	2489918378.0	9517.0	1041608.0	1299.0	0.9948348449307365	0.990945891306933	0.9999994782964238	0.0012455568904993447	0.9987544431095007	0.9987544431095007	HG005	wgsHC	-1	-2	strobe	deep
RIH0_ANA0-HG005-19_DBC0_0-strobe-deep-INS_50	INS_50	RIH0_ANA0-HG005-19_DBC0_0	2490969503.0	2490777391.0	1421.0	190691.0	186.0	0.9958040570355807	0.9926032730906971	0.9999999253245244	0.0009744495146088842	0.9990255504853911	0.9990255504853911	HG005	wgsHC	-1	-2	strobe	deep
RIH0_ANA0-HG005-19_DBC0_0-strobe-deep-INS_gt50	INS_gt50	RIH0_ANA0-HG005-19_DBC0_0	2490969503.0	2490969503.0	0.0	0.0	2.0			0.9999999991970998	1.0	0.0	0.0	HG005	wgsHC	-1	-2	strobe	deep
RIH0_ANA0-HG005-19_DBC0_0-strobe-deep-DEL_50	DEL_50	RIH0_ANA0-HG005-19_DBC0_0	2490969503.0	2490768408.0	918.0	200177.0	218.0	0.9971705397394705	0.9954349934110743	0.9999999124768163	0.0010878514933007311	0.9989121485066993	0.9989121485066993	HG005	wgsHC	-1	-2	strobe	deep
RIH0_ANA0-HG005-19_DBC0_0-strobe-deep-DEL_gt50	DEL_gt50	RIH0_ANA0-HG005-19_DBC0_0	2490969503.0	2490969503.0	0.0	0.0	0.0			1.0				HG005	wgsHC	-1	-2	strobe	deep
RIH0_ANA0-HG005-19_DBC0_0-strobe-deep-Indel_50	Indel_50	RIH0_ANA0-HG005-19_DBC0_0	2490969503.0	2490949317.0	16.0	20170.0	50.0	0.9983665792209078	0.9992073714455564	0.9999999799273318	0.002472799208704253	0.9975272007912958	0.9975272007912958	HG005	wgsHC	-1	-2	strobe	deep
RIH0_ANA0-HG005-19_DBC0_0-strobe-deep-Indel_gt50	Indel_gt50	RIH0_ANA0-HG005-19_DBC0_0	2490969503.0	2490969174.0	4.0	325.0	1.0	0.9923664122137404	0.9878419452887538	0.9999999995985498	0.003067484662576687	0.9969325153374233	0.9969325153374233	HG005	wgsHC	-1	-2	strobe	deep
RIH0_ANA0-HG005-19_DBC0_0-strobe-deep-All	All	RIH0_ANA0-HG005-19_DBC0_0	2490969503.0	2487290364.0	29567.0	3649572.0	4094.0	0.9954095329140759	0.9919636088769682	0.9999983540348483	0.001120518405349586	0.9988794815946505	0.9988794815946505	HG005	wgsHC	-1	-2	strobe	deep
RIH0_ANA0-HG005-19_DBC0_0-strobe-sentd-SNPts	SNPts	RIH0_ANA0-HG005-19_DBC0_0	2490969503.0	2488755602.0	14888.0	2199013.0	3647.0	0.9958032958222472	0.9932752187202589	0.9999985346111716	0.0016557253502583241	0.9983442746497416	0.9983442746497416	HG005	wgsHC	-1	-2	strobe	sentd
RIH0_ANA0-HG005-19_DBC0_0-strobe-sentd-SNPtv	SNPtv	RIH0_ANA0-HG005-19_DBC0_0	2490969503.0	2489918893.0	8197.0	1042413.0	2088.0	0.9950909522216245	0.9921978660016562	0.9999991614191711	0.0019990406902434753	0.9980009593097565	0.9980009593097565	HG005	wgsHC	-1	-2	strobe	sentd
RIH0_ANA0-HG005-19_DBC0_0-strobe-sentd-INS_50	INS_50	RIH0_ANA0-HG005-19_DBC0_0	2490969503.0	2490777350.0	959.0	191194.0	300.0	0.9967183374299813	0.9950091853887267	0.9999998795556881	0.0015666287194376848	0.9984333712805623	0.9984333712805623	HG005	wgsHC	-1	-2	strobe	sentd
RIH0_ANA0-HG005-19_DBC0_0-strobe-sentd-INS_gt50	INS_gt50	RIH0_ANA0-HG005-19_DBC0_0	2490969503.0	2490969503.0	0.0	0.0	2.0			0.9999999991970998	1.0	0.0	0.0	HG005	wgsHC	-1	-2	strobe	sentd
RIH0_ANA0-HG005-19_DBC0_0-strobe-sentd-DEL_50	DEL_50	RIH0_ANA0-HG005-19_DBC0_0	2490969503.0	2490768396.0	789.0	200318.0	302.0	0.9972842253570211	0.9960767153803697	0.9999998787522903	0.0015053334662546106	0.9984946665337454	0.9984946665337454	HG005	wgsHC	-1	-2	strobe	sentd
RIH0_ANA0-HG005-19_DBC0_0-strobe-sentd-DEL_gt50	DEL_gt50	RIH0_ANA0-HG005-19_DBC0_0	2490969503.0	2490969503.0	0.0	0.0	1.0			0.9999999995985499	1.0	0.0	0.0	HG005	wgsHC	-1	-2	strobe	sentd
RIH0_ANA0-HG005-19_DBC0_0-strobe-sentd-Indel_50	Indel_50	RIH0_ANA0-HG005-19_DBC0_0	2490969503.0	2490949148.0	20.0	20335.0	44.0	0.9984288309520302	0.9990174404323262	0.9999999823360508	0.0021590853329407724	0.9978409146670593	0.9978409146670593	HG005	wgsHC	-1	-2	strobe	sentd
RIH0_ANA0-HG005-19_DBC0_0-strobe-sentd-Indel_gt50	Indel_gt50	RIH0_ANA0-HG005-19_DBC0_0	2490969503.0	2490969161.0	2.0	340.0	0.0	0.9970674486803519	0.9941520467836257	1.0	0.0	1.0	1.0	HG005	wgsHC	-1	-2	strobe	sentd
RIH0_ANA0-HG005-19_DBC0_0-strobe-sentd-All	All	RIH0_ANA0-HG005-19_DBC0_0	2490969503.0	2487291035.0	24855.0	3653613.0	6384.0	0.9957431152155117	0.9932431109907711	0.999997433358813	0.0017442637248063317	0.9982557362751937	0.9982557362751937	HG005	wgsHC	-1	-2	strobe	sentd
RIH0_ANA0-HG006-19_DBC0_0-bwa2a-deep-SNPts	SNPts	RIH0_ANA0-HG006-19_DBC0_0	2508117651.0	2505898227.0	20019.0	2199405.0	3604.0	0.9946583701776828	0.9909800921320127	0.9999985617952166	0.0016359442925562265	0.9983640557074438	0.9983640557074438	HG006	wgsHC	-1	-2	bwa2a	deep
RIH0_ANA0-HG006-19_DBC0_0-bwa2a-deep-SNPtv	SNPtv	RIH0_ANA0-HG006-19_DBC0_0	2508117651.0	2507061969.0	11525.0	1044157.0	2438.0	0.9933581540396438	0.9890828867026245	0.9999990275479189	0.002329458864221595	0.9976705411357784	0.9976705411357784	HG006	wgsHC	-1	-2	bwa2a	deep
RIH0_ANA0-HG006-19_DBC0_0-bwa2a-deep-INS_50	INS_50	RIH0_ANA0-HG006-19_DBC0_0	2508117651.0	2507907530.0	4620.0	205501.0	312.0	0.9881423495073737	0.978012668890782	0.9999998755935148	0.0015159392263851166	0.9984840607736148	0.9984840607736148	HG006	wgsHC	-1	-2	bwa2a	deep
RIH0_ANA0-HG006-19_DBC0_0-bwa2a-deep-INS_gt50	INS_gt50	RIH0_ANA0-HG006-19_DBC0_0	2508117651.0	2508117642.0	5.0	4.0	1.0	0.5714285714285714	0.4444444444444444	0.9999999996012946	0.2	0.8	0.8	HG006	wgsHC	-1	-2	bwa2a	deep
RIH0_ANA0-HG006-19_DBC0_0-bwa2a-deep-DEL_50	DEL_50	RIH0_ANA0-HG006-19_DBC0_0	2508117651.0	2507904711.0	3728.0	209212.0	348.0	0.9903526627218935	0.9824927209542594	0.9999998612387663	0.0016606222561557549	0.9983393777438443	0.9983393777438443	HG006	wgsHC	-1	-2	bwa2a	deep
RIH0_ANA0-HG006-19_DBC0_0-bwa2a-deep-DEL_gt50	DEL_gt50	RIH0_ANA0-HG006-19_DBC0_0	2508117651.0	2508117650.0	0.0	1.0	1.0	0.6666666666666666	1.0	0.9999999996012946	0.5	0.5	0.5	HG006	wgsHC	-1	-2	bwa2a	deep
RIH0_ANA0-HG006-19_DBC0_0-bwa2a-deep-Indel_50	Indel_50	RIH0_ANA0-HG006-19_DBC0_0	2508117651.0	2508095226.0	275.0	22150.0	34.0	0.9930731466744378	0.987736900780379	0.9999999864438961	0.0015326361341507393	0.9984673638658492	0.9984673638658492	HG006	wgsHC	-1	-2	bwa2a	deep
RIH0_ANA0-HG006-19_DBC0_0-bwa2a-deep-Indel_gt50	Indel_gt50	RIH0_ANA0-HG006-19_DBC0_0	2508117651.0	2508117308.0	15.0	328.0	1.0	0.9761904761904762	0.956268221574344	0.9999999996012946	0.00303951367781155	0.9969604863221885	0.9969604863221885	HG006	wgsHC	-1	-2	bwa2a	deep
RIH0_ANA0-HG006-19_DBC0_0-bwa2a-deep-All	All	RIH0_ANA0-HG006-19_DBC0_0	2508117651.0	2504396706.0	40187.0	3680758.0	6739.0	0.9936658746872824	0.9891997866133468	0.9999973091396223	0.0018275269105303678	0.9981724730894697	0.9981724730894697	HG006	wgsHC	-1	-2	bwa2a	deep
RIH0_ANA0-HG006-19_DBC0_0-bwa2a-sentd-SNPts	SNPts	RIH0_ANA0-HG006-19_DBC0_0	2508117651.0	2505898738.0	20078.0	2198835.0	5249.0	0.9942737921820883	0.9909514253150078	0.9999979053467223	0.002381488182846026	0.997618511817154	0.997618511817154	HG006	wgsHC	-1	-2	bwa2a	sentd
RIH0_ANA0-HG006-19_DBC0_0-bwa2a-sentd-SNPtv	SNPtv	RIH0_ANA0-HG006-19_DBC0_0	2508117651.0	2507062692.0	11644.0	1043315.0	3453.0	0.9928168596587472	0.9889626042339086	0.9999986226929006	0.003298725218959693	0.9967012747810403	0.9967012747810403	HG006	wgsHC	-1	-2	bwa2a	sentd
RIH0_ANA0-HG006-19_DBC0_0-bwa2a-sentd-INS_50	INS_50	RIH0_ANA0-HG006-19_DBC0_0	2508117651.0	2507907461.0	3058.0	207132.0	573.0	0.9913112145395374	0.9854512583852705	0.9999997715227225	0.002758720300426085	0.9972412796995739	0.9972412796995739	HG006	wgsHC	-1	-2	bwa2a	sentd
RIH0_ANA0-HG006-19_DBC0_0-bwa2a-sentd-INS_gt50	INS_gt50	RIH0_ANA0-HG006-19_DBC0_0	2508117651.0	2508117642.0	4.0	5.0	4.0	0.5555555555555556	0.5555555555555556	0.9999999984051785	0.4444444444444444	0.5555555555555556	0.5555555555555556	HG006	wgsHC	-1	-2	bwa2a	sentd
RIH0_ANA0-HG006-19_DBC0_0-bwa2a-sentd-DEL_50	DEL_50	RIH0_ANA0-HG006-19_DBC0_0	2508117651.0	2507904721.0	3245.0	209685.0	506.0	0.9911349235797798	0.9847602498473677	0.9999997982379898	0.0024073342816771414	0.9975926657183228	0.9975926657183228	HG006	wgsHC	-1	-2	bwa2a	sentd
RIH0_ANA0-HG006-19_DBC0_0-bwa2a-sentd-DEL_gt50	DEL_gt50	RIH0_ANA0-HG006-19_DBC0_0	2508117651.0	2508117650.0	0.0	1.0	7.0	0.2222222222222222	1.0	0.9999999972090623	0.875	0.125	0.125	HG006	wgsHC	-1	-2	bwa2a	sentd
RIH0_ANA0-HG006-19_DBC0_0-bwa2a-sentd-Indel_50	Indel_50	RIH0_ANA0-HG006-19_DBC0_0	2508117651.0	2508094856.0	147.0	22648.0	15.0	0.9964362708434159	0.9935512173722307	0.999999994019365	0.0006618717733751048	0.9993381282266249	0.9993381282266249	HG006	wgsHC	-1	-2	bwa2a	sentd
RIH0_ANA0-HG006-19_DBC0_0-bwa2a-sentd-Indel_gt50	Indel_gt50	RIH0_ANA0-HG006-19_DBC0_0	2508117651.0	2508117295.0	8.0	348.0	0.0	0.9886363636363636	0.9775280898876404	1.0	0.0	1.0	1.0	HG006	wgsHC	-1	-2	bwa2a	sentd
RIH0_ANA0-HG006-19_DBC0_0-bwa2a-sentd-All	All	RIH0_ANA0-HG006-19_DBC0_0	2508117651.0	2504397498.0	38184.0	3681969.0	9807.0	0.9935251673349813	0.98973590602322	0.9999960841034202	0.002656445028084044	0.997343554971916	0.997343554971916	HG006	wgsHC	-1	-2	bwa2a	sentd
RIH0_ANA0-HG006-19_DBC0_0-sent-deep-SNPts	SNPts	RIH0_ANA0-HG006-19_DBC0_0	2508117651.0	2505898227.0	19437.0	2199987.0	3803.0	0.9947459019617861	0.9912423223322808	0.9999984823828089	0.0017256635160337419	0.9982743364839662	0.9982743364839662	HG006	wgsHC	-1	-2	sent	deep
RIH0_ANA0-HG006-19_DBC0_0-sent-deep-SNPtv	SNPtv	RIH0_ANA0-HG006-19_DBC0_0	2508117651.0	2507061977.0	11092.0	1044582.0	2575.0	0.9935006664824707	0.9894929684732219	0.9999989729023938	0.0024590390934692698	0.9975409609065308	0.9975409609065308	HG006	wgsHC	-1	-2	sent	deep
RIH0_ANA0-HG006-19_DBC0_0-sent-deep-INS_50	INS_50	RIH0_ANA0-HG006-19_DBC0_0	2508117651.0	2507907521.0	4573.0	205557.0	314.0	0.9882524320854998	0.9782372816827678	0.9999998747960369	0.0015252269625153617	0.9984747730374847	0.9984747730374847	HG006	wgsHC	-1	-2	sent	deep
RIH0_ANA0-HG006-19_DBC0_0-sent-deep-INS_gt50	INS_gt50	RIH0_ANA0-HG006-19_DBC0_0	2508117651.0	2508117642.0	5.0	4.0	1.0	0.5714285714285714	0.4444444444444444	0.9999999996012946	0.2	0.8	0.8	HG006	wgsHC	-1	-2	sent	deep
RIH0_ANA0-HG006-19_DBC0_0-sent-deep-DEL_50	DEL_50	RIH0_ANA0-HG006-19_DBC0_0	2508117651.0	2507904708.0	3715.0	209228.0	355.0	0.9903674566772221	0.9825540168026186	0.9999998584475923	0.0016938396721108105	0.9983061603278892	0.9983061603278892	HG006	wgsHC	-1	-2	sent	deep
RIH0_ANA0-HG006-19_DBC0_0-sent-deep-DEL_gt50	DEL_gt50	RIH0_ANA0-HG006-19_DBC0_0	2508117651.0	2508117650.0	0.0	1.0	0.0	1.0	1.0	1.0	0.0	1.0	1.0	HG006	wgsHC	-1	-2	sent	deep
RIH0_ANA0-HG006-19_DBC0_0-sent-deep-Indel_50	Indel_50	RIH0_ANA0-HG006-19_DBC0_0	2508117651.0	2508095234.0	277.0	22140.0	35.0	0.9930032292787943	0.9876433064192354	0.9999999860451871	0.0015783540022547915	0.9984216459977452	0.9984216459977452	HG006	wgsHC	-1	-2	sent	deep
RIH0_ANA0-HG006-19_DBC0_0-sent-deep-Indel_gt50	Indel_gt50	RIH0_ANA0-HG006-19_DBC0_0	2508117651.0	2508117308.0	15.0	328.0	1.0	0.9761904761904762	0.956268221574344	0.9999999996012946	0.00303951367781155	0.9969604863221885	0.9969604863221885	HG006	wgsHC	-1	-2	sent	deep
RIH0_ANA0-HG006-19_DBC0_0-sent-deep-All	All	RIH0_ANA0-HG006-19_DBC0_0	2508117651.0	2504396710.0	39114.0	3681827.0	7084.0	0.9937653275665964	0.9894881429186865	0.9999971713826592	0.0019203499352518942	0.9980796500647481	0.9980796500647481	HG006	wgsHC	-1	-2	sent	deep
RIH0_ANA0-HG006-19_DBC0_0-sent-sentd-SNPts	SNPts	RIH0_ANA0-HG006-19_DBC0_0	2508117651.0	2505898748.0	19499.0	2199404.0	5535.0	0.9943411179694032	0.9912123242881731	0.9999977912165131	0.002510273526841332	0.9974897264731587	0.9974897264731587	HG006	wgsHC	-1	-2	sent	sentd
RIH0_ANA0-HG006-19_DBC0_0-sent-sentd-SNPtv	SNPtv	RIH0_ANA0-HG006-19_DBC0_0	2508117651.0	2507062700.0	11289.0	1043662.0	3586.0	0.9929240761697633	0.98929902905443	0.9999985696429249	0.00342421279391319	0.9965757872060869	0.9965757872060869	HG006	wgsHC	-1	-2	sent	sentd
RIH0_ANA0-HG006-19_DBC0_0-sent-sentd-INS_50	INS_50	RIH0_ANA0-HG006-19_DBC0_0	2508117651.0	2507907460.0	3020.0	207171.0	587.0	0.9913697604253151	0.9856321155520456	0.9999997659403818	0.0028254026319082777	0.9971745973680918	0.9971745973680918	HG006	wgsHC	-1	-2	sent	sentd
RIH0_ANA0-HG006-19_DBC0_0-sent-sentd-INS_gt50	INS_gt50	RIH0_ANA0-HG006-19_DBC0_0	2508117651.0	2508117642.0	4.0	5.0	5.0	0.5263157894736842	0.5555555555555556	0.9999999980064731	0.5	0.5	0.5	HG006	wgsHC	-1	-2	sent	sentd
RIH0_ANA0-HG006-19_DBC0_0-sent-sentd-DEL_50	DEL_50	RIH0_ANA0-HG006-19_DBC0_0	2508117651.0	2507904715.0	3221.0	209715.0	519.0	0.9911619443722381	0.9848733891873614	0.9999997930543815	0.0024686777590684664	0.9975313222409316	0.9975313222409316	HG006	wgsHC	-1	-2	sent	sentd
RIH0_ANA0-HG006-19_DBC0_0-sent-sentd-DEL_gt50	DEL_gt50	RIH0_ANA0-HG006-19_DBC0_0	2508117651.0	2508117650.0	0.0	1.0	8.0	0.19999999999999998	1.0	0.999999996810357	0.8888888888888888	0.11111111111111116	0.1111111111111111	HG006	wgsHC	-1	-2	sent	sentd
RIH0_ANA0-HG006-19_DBC0_0-sent-sentd-Indel_50	Indel_50	RIH0_ANA0-HG006-19_DBC0_0	2508117651.0	2508094859.0	143.0	22649.0	15.0	0.9965241112284408	0.9937258687258688	0.999999994019365	0.000661842569714084	0.9993381574302859	0.9993381574302859	HG006	wgsHC	-1	-2	sent	sentd
RIH0_ANA0-HG006-19_DBC0_0-sent-sentd-Indel_gt50	Indel_gt50	RIH0_ANA0-HG006-19_DBC0_0	2508117651.0	2508117296.0	7.0	348.0	0.0	0.9900426742532006	0.9802816901408451	1.0	0.0	1.0	1.0	HG006	wgsHC	-1	-2	sent	sentd
RIH0_ANA0-HG006-19_DBC0_0-sent-sentd-All	All	RIH0_ANA0-HG006-19_DBC0_0	2508117651.0	2504397513.0	37183.0	3682955.0	10255.0	0.9936010018685215	0.9900049406769319	0.999995905219537	0.002776717273049732	0.9972232827269503	0.9972232827269503	HG006	wgsHC	-1	-2	sent	sentd
RIH0_ANA0-HG006-19_DBC0_0-strobe-deep-SNPts	SNPts	RIH0_ANA0-HG006-19_DBC0_0	2508117651.0	2505898295.0	26213.0	2193143.0	3302.0	0.9933160484360595	0.9881889160639392	0.9999986823105887	0.001503338349013975	0.998496661650986	0.998496661650986	HG006	wgsHC	-1	-2	strobe	deep
RIH0_ANA0-HG006-19_DBC0_0-strobe-deep-SNPtv	SNPtv	RIH0_ANA0-HG006-19_DBC0_0	2508117651.0	2507062057.0	14718.0	1040876.0	2215.0	0.9919316143203959	0.9860571393926074	0.9999991164965235	0.0021234964159406993	0.9978765035840593	0.9978765035840593	HG006	wgsHC	-1	-2	strobe	deep
RIH0_ANA0-HG006-19_DBC0_0-strobe-deep-INS_50	INS_50	RIH0_ANA0-HG006-19_DBC0_0	2508117651.0	2507907487.0	4851.0	205313.0	296.0	0.9876206487674765	0.9769180259226128	0.9999998819733317	0.001439625697318697	0.9985603743026813	0.9985603743026813	HG006	wgsHC	-1	-2	strobe	deep
RIH0_ANA0-HG006-19_DBC0_0-strobe-deep-INS_gt50	INS_gt50	RIH0_ANA0-HG006-19_DBC0_0	2508117651.0	2508117642.0	5.0	4.0	1.0	0.5714285714285714	0.4444444444444444	0.9999999996012946	0.2	0.8	0.8	HG006	wgsHC	-1	-2	strobe	deep
RIH0_ANA0-HG006-19_DBC0_0-strobe-deep-DEL_50	DEL_50	RIH0_ANA0-HG006-19_DBC0_0	2508117651.0	2507904674.0	4156.0	208821.0	358.0	0.9893072702981837	0.9804861557820798	0.999999857251373	0.0017114528705080337	0.998288547129492	0.998288547129492	HG006	wgsHC	-1	-2	strobe	deep
RIH0_ANA0-HG006-19_DBC0_0-strobe-deep-DEL_gt50	DEL_gt50	RIH0_ANA0-HG006-19_DBC0_0	2508117651.0	2508117650.0	0.0	1.0	0.0	1.0	1.0	1.0	0.0	1.0	1.0	HG006	wgsHC	-1	-2	strobe	deep
RIH0_ANA0-HG006-19_DBC0_0-strobe-deep-Indel_50	Indel_50	RIH0_ANA0-HG006-19_DBC0_0	2508117651.0	2508095218.0	284.0	22149.0	33.0	0.9928947663341926	0.98734007934739	0.9999999868426049	0.0014876927238301326	0.9985123072761699	0.9985123072761699	HG006	wgsHC	-1	-2	strobe	deep
RIH0_ANA0-HG006-19_DBC0_0-strobe-deep-Indel_gt50	Indel_gt50	RIH0_ANA0-HG006-19_DBC0_0	2508117651.0	2508117305.0	11.0	335.0	1.0	0.9824046920821115	0.9682080924855492	0.9999999996012946	0.002976190476190476	0.9970238095238095	0.9970238095238095	HG006	wgsHC	-1	-2	strobe	deep
RIH0_ANA0-HG006-19_DBC0_0-strobe-deep-All	All	RIH0_ANA0-HG006-19_DBC0_0	2508117651.0	2504396771.0	50238.0	3670642.0	6206.0	0.9923700898438007	0.9864983552277956	0.9999975219642937	0.0016878587311740926	0.998312141268826	0.998312141268826	HG006	wgsHC	-1	-2	strobe	deep
RIH0_ANA0-HG006-19_DBC0_0-strobe-sentd-SNPts	SNPts	RIH0_ANA0-HG006-19_DBC0_0	2508117651.0	2505898724.0	23553.0	2195374.0	4197.0	0.9937195852527262	0.989385410155449	0.9999983251545921	0.0019080993521009323	0.9980919006478991	0.9980919006478991	HG006	wgsHC	-1	-2	strobe	sentd
RIH0_ANA0-HG006-19_DBC0_0-strobe-sentd-SNPtv	SNPtv	RIH0_ANA0-HG006-19_DBC0_0	2508117651.0	2507062686.0	13532.0	1041433.0	2740.0	0.9922482466612486	0.9871730341764893	0.9999989070887534	0.00262408623858307	0.9973759137614169	0.9973759137614169	HG006	wgsHC	-1	-2	strobe	sentd
RIH0_ANA0-HG006-19_DBC0_0-strobe-sentd-INS_50	INS_50	RIH0_ANA0-HG006-19_DBC0_0	2508117651.0	2507907441.0	3206.0	207004.0	511.0	0.9911018014243821	0.9847485847485847	0.9999997962445154	0.002462472592342722	0.9975375274076573	0.9975375274076573	HG006	wgsHC	-1	-2	strobe	sentd
RIH0_ANA0-HG006-19_DBC0_0-strobe-sentd-INS_gt50	INS_gt50	RIH0_ANA0-HG006-19_DBC0_0	2508117651.0	2508117642.0	4.0	5.0	8.0	0.4545454545454546	0.5555555555555556	0.999999996810357	0.6153846153846154	0.3846153846153846	0.38461538461538464	HG006	wgsHC	-1	-2	strobe	sentd
RIH0_ANA0-HG006-19_DBC0_0-strobe-sentd-DEL_50	DEL_50	RIH0_ANA0-HG006-19_DBC0_0	2508117651.0	2507904711.0	3374.0	209566.0	439.0	0.9909846433933489	0.984155161078238	0.9999998249535075	0.002090426418418609	0.9979095735815814	0.9979095735815814	HG006	wgsHC	-1	-2	strobe	sentd
RIH0_ANA0-HG006-19_DBC0_0-strobe-sentd-DEL_gt50	DEL_gt50	RIH0_ANA0-HG006-19_DBC0_0	2508117651.0	2508117650.0	0.0	1.0	6.0	0.25	1.0	0.9999999976077677	0.8571428571428571	0.1428571428571429	0.14285714285714285	HG006	wgsHC	-1	-2	strobe	sentd
RIH0_ANA0-HG006-19_DBC0_0-strobe-sentd-Indel_50	Indel_50	RIH0_ANA0-HG006-19_DBC0_0	2508117651.0	2508094902.0	151.0	22598.0	14.0	0.9963625140539231	0.9933623455976087	0.9999999944180741	0.0006191402794976119	0.9993808597205024	0.9993808597205024	HG006	wgsHC	-1	-2	strobe	sentd
RIH0_ANA0-HG006-19_DBC0_0-strobe-sentd-Indel_gt50	Indel_gt50	RIH0_ANA0-HG006-19_DBC0_0	2508117651.0	2508117295.0	7.0	349.0	0.0	0.9900709219858156	0.9803370786516854	1.0	0.0	1.0	1.0	HG006	wgsHC	-1	-2	strobe	sentd
RIH0_ANA0-HG006-19_DBC0_0-strobe-sentd-All	All	RIH0_ANA0-HG006-19_DBC0_0	2508117651.0	2504397494.0	43827.0	3676330.0	7915.0	0.9930119947566326	0.9882190455940435	0.9999968395691962	0.002148337040560549	0.9978516629594395	0.9978516629594395	HG006	wgsHC	-1	-2	strobe	sentd
RIH0_ANA0-HG007-19_DBC0_0-bwa2a-deep-SNPts	SNPts	RIH0_ANA0-HG007-19_DBC0_0	2495703952.0	2493487513.0	15489.0	2200950.0	2601.0	0.995907230559345	0.9930117634638265	0.9999989568837729	0.001180367506810598	0.9988196324931894	0.9988196324931894	HG007	wgsHC	-1	-2	bwa2a	deep
RIH0_ANA0-HG007-19_DBC0_0-bwa2a-deep-SNPtv	SNPtv	RIH0_ANA0-HG007-19_DBC0_0	2495703952.0	2494648986.0	8612.0	1046354.0	1621.0	0.9951339576336189	0.9918367037421111	0.9999993502096063	0.0015467926238698442	0.9984532073761302	0.9984532073761302	HG007	wgsHC	-1	-2	bwa2a	deep
RIH0_ANA0-HG007-19_DBC0_0-bwa2a-deep-INS_50	INS_50	RIH0_ANA0-HG007-19_DBC0_0	2495703952.0	2495497331.0	3479.0	203142.0	274.0	0.9908471674507424	0.9831624084676776	0.9999998902022589	0.0013469933535218469	0.9986530066464782	0.9986530066464782	HG007	wgsHC	-1	-2	bwa2a	deep
RIH0_ANA0-HG007-19_DBC0_0-bwa2a-deep-INS_gt50	INS_gt50	RIH0_ANA0-HG007-19_DBC0_0	2495703952.0	2495703942.0	4.0	6.0	0.0	0.7499999999999999	0.6	1.0	0.0	1.0	1.0	HG007	wgsHC	-1	-2	bwa2a	deep
RIH0_ANA0-HG007-19_DBC0_0-bwa2a-deep-DEL_50	DEL_50	RIH0_ANA0-HG007-19_DBC0_0	2495703952.0	2495494464.0	2685.0	206803.0	287.0	0.9928656818170907	0.9871830367371878	0.9999998849927455	0.0013858708773963012	0.9986141291226037	0.9986141291226037	HG007	wgsHC	-1	-2	bwa2a	deep
RIH0_ANA0-HG007-19_DBC0_0-bwa2a-deep-DEL_gt50	DEL_gt50	RIH0_ANA0-HG007-19_DBC0_0	2495703952.0	2495703952.0	0.0	0.0	0.0			1.0				HG007	wgsHC	-1	-2	bwa2a	deep
RIH0_ANA0-HG007-19_DBC0_0-bwa2a-deep-Indel_50	Indel_50	RIH0_ANA0-HG007-19_DBC0_0	2495703952.0	2495681604.0	241.0	22107.0	31.0	0.9938857168547408	0.9892160372292823	0.9999999875785438	0.0014003071641521367	0.9985996928358478	0.9985996928358478	HG007	wgsHC	-1	-2	bwa2a	deep
RIH0_ANA0-HG007-19_DBC0_0-bwa2a-deep-Indel_gt50	Indel_gt50	RIH0_ANA0-HG007-19_DBC0_0	2495703952.0	2495703598.0	10.0	344.0	0.0	0.9856733524355301	0.9717514124293786	1.0	0.0	1.0	1.0	HG007	wgsHC	-1	-2	bwa2a	deep
RIH0_ANA0-HG007-19_DBC0_0-bwa2a-deep-All	All	RIH0_ANA0-HG007-19_DBC0_0	2495703952.0	2491993726.0	30520.0	3679706.0	4814.0	0.9952217425723615	0.9917740859990739	0.9999980682171667	0.0013065473928761413	0.9986934526071238	0.9986934526071238	HG007	wgsHC	-1	-2	bwa2a	deep
RIH0_ANA0-HG007-19_DBC0_0-bwa2a-sentd-SNPts	SNPts	RIH0_ANA0-HG007-19_DBC0_0	2495703952.0	2493487938.0	15580.0	2200434.0	4090.0	0.9955503153688534	0.9929693584968327	0.9999983597300677	0.00185527578742622	0.9981447242125738	0.9981447242125738	HG007	wgsHC	-1	-2	bwa2a	sentd
RIH0_ANA0-HG007-19_DBC0_0-bwa2a-sentd-SNPtv	SNPtv	RIH0_ANA0-HG007-19_DBC0_0	2495703952.0	2494649649.0	8746.0	1045557.0	2709.0	0.9945519029339822	0.991704472054049	0.9999989140771494	0.002584267733571441	0.9974157322664285	0.9974157322664285	HG007	wgsHC	-1	-2	bwa2a	sentd
RIH0_ANA0-HG007-19_DBC0_0-bwa2a-sentd-INS_50	INS_50	RIH0_ANA0-HG007-19_DBC0_0	2495703952.0	2495497275.0	2297.0	204380.0	438.0	0.9933535036877725	0.9888860395689892	0.9999998244839104	0.0021384839223115154	0.9978615160776885	0.9978615160776885	HG007	wgsHC	-1	-2	bwa2a	sentd
RIH0_ANA0-HG007-19_DBC0_0-bwa2a-sentd-INS_gt50	INS_gt50	RIH0_ANA0-HG007-19_DBC0_0	2495703952.0	2495703942.0	3.0	7.0	2.0	0.7368421052631577	0.7	0.9999999991986229	0.2222222222222222	0.7777777777777778	0.7777777777777778	HG007	wgsHC	-1	-2	bwa2a	sentd
RIH0_ANA0-HG007-19_DBC0_0-bwa2a-sentd-DEL_50	DEL_50	RIH0_ANA0-HG007-19_DBC0_0	2495703952.0	2495494474.0	2405.0	207073.0	401.0	0.9932702085611773	0.9885190807626577	0.9999998393104294	0.0019327722991796562	0.9980672277008203	0.9980672277008203	HG007	wgsHC	-1	-2	bwa2a	sentd
RIH0_ANA0-HG007-19_DBC0_0-bwa2a-sentd-DEL_gt50	DEL_gt50	RIH0_ANA0-HG007-19_DBC0_0	2495703952.0	2495703952.0	0.0	0.0	4.0			0.9999999983972458	1.0	0.0	0.0	HG007	wgsHC	-1	-2	bwa2a	sentd
RIH0_ANA0-HG007-19_DBC0_0-bwa2a-sentd-Indel_50	Indel_50	RIH0_ANA0-HG007-19_DBC0_0	2495703952.0	2495681296.0	142.0	22514.0	15.0	0.9965253955958837	0.9937323446327684	0.9999999939896173	0.0006658085134715255	0.9993341914865285	0.9993341914865285	HG007	wgsHC	-1	-2	bwa2a	sentd
RIH0_ANA0-HG007-19_DBC0_0-bwa2a-sentd-Indel_gt50	Indel_gt50	RIH0_ANA0-HG007-19_DBC0_0	2495703952.0	2495703589.0	3.0	360.0	0.0	0.995850622406639	0.9917355371900827	1.0	0.0	1.0	1.0	HG007	wgsHC	-1	-2	bwa2a	sentd
RIH0_ANA0-HG007-19_DBC0_0-bwa2a-sentd-All	All	RIH0_ANA0-HG007-19_DBC0_0	2495703952.0	2491994451.0	29176.0	3680325.0	7659.0	0.9950206049758802	0.9921347911754168	0.9999969265676103	0.0020767443676545233	0.9979232556323455	0.9979232556323455	HG007	wgsHC	-1	-2	bwa2a	sentd
RIH0_ANA0-HG007-19_DBC0_0-sent-deep-SNPts	SNPts	RIH0_ANA0-HG007-19_DBC0_0	2495703952.0	2493487512.0	14902.0	2201538.0	2824.0	0.9959903203083966	0.9932766057281045	0.9999988674509946	0.001281096299065217	0.9987189037009347	0.9987189037009347	HG007	wgsHC	-1	-2	sent	deep
RIH0_ANA0-HG007-19_DBC0_0-sent-deep-SNPtv	SNPtv	RIH0_ANA0-HG007-19_DBC0_0	2495703952.0	2494648994.0	8212.0	1046746.0	1747.0	0.9952653995743186	0.9922158038519069	0.999999299701569	0.0016662009188425674	0.9983337990811574	0.9983337990811574	HG007	wgsHC	-1	-2	sent	deep
RIH0_ANA0-HG007-19_DBC0_0-sent-deep-INS_50	INS_50	RIH0_ANA0-HG007-19_DBC0_0	2495703952.0	2495497330.0	3442.0	203180.0	276.0	0.9909334321763176	0.9833415609180048	0.9999998894008155	0.0013565586662472476	0.9986434413337527	0.9986434413337527	HG007	wgsHC	-1	-2	sent	deep
RIH0_ANA0-HG007-19_DBC0_0-sent-deep-INS_gt50	INS_gt50	RIH0_ANA0-HG007-19_DBC0_0	2495703952.0	2495703942.0	4.0	6.0	0.0	0.7499999999999999	0.6	1.0	0.0	1.0	1.0	HG007	wgsHC	-1	-2	sent	deep
RIH0_ANA0-HG007-19_DBC0_0-sent-deep-DEL_50	DEL_50	RIH0_ANA0-HG007-19_DBC0_0	2495703952.0	2495494465.0	2677.0	206810.0	301.0	0.9928516219472969	0.9872211640817807	0.9999998793826362	0.001453326959939356	0.9985466730400606	0.9985466730400606	HG007	wgsHC	-1	-2	sent	deep
RIH0_ANA0-HG007-19_DBC0_0-sent-deep-DEL_gt50	DEL_gt50	RIH0_ANA0-HG007-19_DBC0_0	2495703952.0	2495703952.0	0.0	0.0	0.0			1.0				HG007	wgsHC	-1	-2	sent	deep
RIH0_ANA0-HG007-19_DBC0_0-sent-deep-Indel_50	Indel_50	RIH0_ANA0-HG007-19_DBC0_0	2495703952.0	2495681602.0	241.0	22109.0	30.0	0.9939086066218615	0.9892170022371365	0.999999987979236	0.0013550747549573151	0.9986449252450427	0.9986449252450427	HG007	wgsHC	-1	-2	sent	deep
RIH0_ANA0-HG007-19_DBC0_0-sent-deep-Indel_gt50	Indel_gt50	RIH0_ANA0-HG007-19_DBC0_0	2495703952.0	2495703597.0	11.0	344.0	0.0	0.9842632331902719	0.9690140845070423	1.0	0.0	1.0	1.0	HG007	wgsHC	-1	-2	sent	deep
RIH0_ANA0-HG007-19_DBC0_0-sent-deep-All	All	RIH0_ANA0-HG007-19_DBC0_0	2495703952.0	2491993730.0	29489.0	3680733.0	5178.0	0.9953128209024906	0.9920519580769022	0.9999979221499723	0.0014048087433473028	0.9985951912566527	0.9985951912566527	HG007	wgsHC	-1	-2	sent	deep
RIH0_ANA0-HG007-19_DBC0_0-sent-sentd-SNPts	SNPts	RIH0_ANA0-HG007-19_DBC0_0	2495703952.0	2493487953.0	15018.0	2200981.0	4382.0	0.9956122118026075	0.9932229211294771	0.999998242625438	0.001986974479938223	0.9980130255200618	0.9980130255200618	HG007	wgsHC	-1	-2	sent	sentd
RIH0_ANA0-HG007-19_DBC0_0-sent-sentd-SNPtv	SNPtv	RIH0_ANA0-HG007-19_DBC0_0	2495703952.0	2494649646.0	8409.0	1045897.0	2905.0	0.9946203428449704	0.9920241372049481	0.9999988355091779	0.002769826907271344	0.9972301730927287	0.9972301730927287	HG007	wgsHC	-1	-2	sent	sentd
RIH0_ANA0-HG007-19_DBC0_0-sent-sentd-INS_50	INS_50	RIH0_ANA0-HG007-19_DBC0_0	2495703952.0	2495497276.0	2251.0	204425.0	446.0	0.9934466780221943	0.9891085563877761	0.9999998212781378	0.0021769796603716483	0.9978230203396283	0.9978230203396283	HG007	wgsHC	-1	-2	sent	sentd
RIH0_ANA0-HG007-19_DBC0_0-sent-sentd-INS_gt50	INS_gt50	RIH0_ANA0-HG007-19_DBC0_0	2495703952.0	2495703942.0	3.0	7.0	2.0	0.7368421052631577	0.7	0.9999999991986229	0.2222222222222222	0.7777777777777778	0.7777777777777778	HG007	wgsHC	-1	-2	sent	sentd
RIH0_ANA0-HG007-19_DBC0_0-sent-sentd-DEL_50	DEL_50	RIH0_ANA0-HG007-19_DBC0_0	2495703952.0	2495494474.0	2389.0	207089.0	405.0	0.9932993102654375	0.9885954610985401	0.9999998377075411	0.0019518636683470366	0.998048136331653	0.998048136331653	HG007	wgsHC	-1	-2	sent	sentd
RIH0_ANA0-HG007-19_DBC0_0-sent-sentd-DEL_gt50	DEL_gt50	RIH0_ANA0-HG007-19_DBC0_0	2495703952.0	2495703952.0	0.0	0.0	4.0			0.9999999983972458	1.0	0.0	0.0	HG007	wgsHC	-1	-2	sent	sentd
RIH0_ANA0-HG007-19_DBC0_0-sent-sentd-Indel_50	Indel_50	RIH0_ANA0-HG007-19_DBC0_0	2495703952.0	2495681293.0	143.0	22516.0	15.0	0.9965036512502766	0.993689041881813	0.9999999939896173	0.0006657494119213528	0.9993342505880787	0.9993342505880787	HG007	wgsHC	-1	-2	sent	sentd
RIH0_ANA0-HG007-19_DBC0_0-sent-sentd-Indel_gt50	Indel_gt50	RIH0_ANA0-HG007-19_DBC0_0	2495703952.0	2495703589.0	3.0	360.0	0.0	0.995850622406639	0.9917355371900827	1.0	0.0	1.0	1.0	HG007	wgsHC	-1	-2	sent	sentd
RIH0_ANA0-HG007-19_DBC0_0-sent-sentd-All	All	RIH0_ANA0-HG007-19_DBC0_0	2495703952.0	2491994461.0	28216.0	3681275.0	8159.0	0.9950837452738066	0.9923935655862219	0.9999967259263957	0.002211450320021987	0.997788549679978	0.997788549679978	HG007	wgsHC	-1	-2	sent	sentd
RIH0_ANA0-HG007-19_DBC0_0-strobe-deep-SNPts	SNPts	RIH0_ANA0-HG007-19_DBC0_0	2495703952.0	2493487560.0	21164.0	2195228.0	2197.0	0.9947073020924972	0.9904511476309245	0.9999991189055444	0.0009998065918063188	0.9990001934081937	0.9990001934081937	HG007	wgsHC	-1	-2	strobe	deep
RIH0_ANA0-HG007-19_DBC0_0-strobe-deep-SNPtv	SNPtv	RIH0_ANA0-HG007-19_DBC0_0	2495703952.0	2494649049.0	11561.0	1043342.0	1353.0	0.9938492987705265	0.9890406985286799	0.9999994576394357	0.001295114842130957	0.998704885157869	0.998704885157869	HG007	wgsHC	-1	-2	strobe	deep
RIH0_ANA0-HG007-19_DBC0_0-strobe-deep-INS_50	INS_50	RIH0_ANA0-HG007-19_DBC0_0	2495703952.0	2495497296.0	3739.0	202917.0	272.0	0.9902133733484609	0.9819071306906163	0.9999998910037007	0.0013386551437331745	0.9986613448562668	0.9986613448562668	HG007	wgsHC	-1	-2	strobe	deep
RIH0_ANA0-HG007-19_DBC0_0-strobe-deep-INS_gt50	INS_gt50	RIH0_ANA0-HG007-19_DBC0_0	2495703952.0	2495703942.0	5.0	5.0	0.0	0.6666666666666666	0.5	1.0	0.0	1.0	1.0	HG007	wgsHC	-1	-2	strobe	deep
RIH0_ANA0-HG007-19_DBC0_0-strobe-deep-DEL_50	DEL_50	RIH0_ANA0-HG007-19_DBC0_0	2495703952.0	2495494441.0	3019.0	206492.0	301.0	0.992025058611015	0.9855902554042508	0.999999879382635	0.001455561842035272	0.9985444381579647	0.9985444381579647	HG007	wgsHC	-1	-2	strobe	deep
RIH0_ANA0-HG007-19_DBC0_0-strobe-deep-DEL_gt50	DEL_gt50	RIH0_ANA0-HG007-19_DBC0_0	2495703952.0	2495703952.0	0.0	0.0	1.0			0.9999999995993114	1.0	0.0	0.0	HG007	wgsHC	-1	-2	strobe	deep
RIH0_ANA0-HG007-19_DBC0_0-strobe-deep-Indel_50	Indel_50	RIH0_ANA0-HG007-19_DBC0_0	2495703952.0	2495681591.0	249.0	22112.0	32.0	0.9936861026850916	0.9888645409418183	0.9999999871778517	0.001445086705202312	0.9985549132947977	0.9985549132947977	HG007	wgsHC	-1	-2	strobe	deep
RIH0_ANA0-HG007-19_DBC0_0-strobe-deep-Indel_gt50	Indel_gt50	RIH0_ANA0-HG007-19_DBC0_0	2495703952.0	2495703597.0	9.0	346.0	0.0	0.9871611982881597	0.9746478873239437	1.0	0.0	1.0	1.0	HG007	wgsHC	-1	-2	strobe	deep
RIH0_ANA0-HG007-19_DBC0_0-strobe-deep-All	All	RIH0_ANA0-HG007-19_DBC0_0	2495703952.0	2491993764.0	39746.0	3670442.0	4156.0	0.9940550748525414	0.9892873353048417	0.9999983322618503	0.0011310080721755142	0.9988689919278245	0.9988689919278245	HG007	wgsHC	-1	-2	strobe	deep
RIH0_ANA0-HG007-19_DBC0_0-strobe-sentd-SNPts	SNPts	RIH0_ANA0-HG007-19_DBC0_0	2495703952.0	2493487932.0	19012.0	2197008.0	3310.0	0.9949455861394667	0.9914206550482396	0.9999986725439639	0.0015043280107693525	0.9984956719892306	0.9984956719892306	HG007	wgsHC	-1	-2	strobe	sentd
RIH0_ANA0-HG007-19_DBC0_0-strobe-sentd-SNPtv	SNPtv	RIH0_ANA0-HG007-19_DBC0_0	2495703952.0	2494649629.0	10613.0	1043710.0	2055.0	0.993967871822514	0.9899338248335662	0.9999991762377036	0.001965068633966522	0.9980349313660335	0.9980349313660335	HG007	wgsHC	-1	-2	strobe	sentd
RIH0_ANA0-HG007-19_DBC0_0-strobe-sentd-INS_50	INS_50	RIH0_ANA0-HG007-19_DBC0_0	2495703952.0	2495497271.0	2446.0	204235.0	424.0	0.9930228035202023	0.9881653369201814	0.9999998300940126	0.002071738843637465	0.9979282611563626	0.9979282611563626	HG007	wgsHC	-1	-2	strobe	sentd
RIH0_ANA0-HG007-19_DBC0_0-strobe-sentd-INS_gt50	INS_gt50	RIH0_ANA0-HG007-19_DBC0_0	2495703952.0	2495703942.0	3.0	7.0	3.0	0.7	0.7	0.9999999987979343	0.3	0.7	0.7	HG007	wgsHC	-1	-2	strobe	sentd
RIH0_ANA0-HG007-19_DBC0_0-strobe-sentd-DEL_50	DEL_50	RIH0_ANA0-HG007-19_DBC0_0	2495703952.0	2495494455.0	2531.0	206966.0	370.0	0.9930403782809902	0.987918681413099	0.9999998517328121	0.0017845429640776325	0.9982154570359224	0.9982154570359224	HG007	wgsHC	-1	-2	strobe	sentd
RIH0_ANA0-HG007-19_DBC0_0-strobe-sentd-DEL_gt50	DEL_gt50	RIH0_ANA0-HG007-19_DBC0_0	2495703952.0	2495703952.0	0.0	0.0	4.0			0.9999999983972458	1.0	0.0	0.0	HG007	wgsHC	-1	-2	strobe	sentd
RIH0_ANA0-HG007-19_DBC0_0-strobe-sentd-Indel_50	Indel_50	RIH0_ANA0-HG007-19_DBC0_0	2495703952.0	2495681334.0	139.0	22479.0	15.0	0.9965862741620855	0.9938544522062075	0.9999999939896173	0.0006668444918644973	0.9993331555081355	0.9993331555081355	HG007	wgsHC	-1	-2	strobe	sentd
RIH0_ANA0-HG007-19_DBC0_0-strobe-sentd-Indel_gt50	Indel_gt50	RIH0_ANA0-HG007-19_DBC0_0	2495703952.0	2495703590.0	2.0	360.0	0.0	0.9972299168975068	0.994475138121547	1.0	0.0	1.0	1.0	HG007	wgsHC	-1	-2	strobe	sentd
RIH0_ANA0-HG007-19_DBC0_0-strobe-sentd-All	All	RIH0_ANA0-HG007-19_DBC0_0	2495703952.0	2491994441.0	34746.0	3674765.0	6181.0	0.9944621827851783	0.9906332667567235	0.9999975196635404	0.0016791879044137023	0.9983208120955863	0.9983208120955863	HG007	wgsHC	-1	-2	strobe	sentd
