sample,normalized_rule,Total_runtime_user,Total_runtime_cpu,Total_cost,Avg_cpu_efficiency,Avg_task_cost
RIH0_ANA0-HG001-19,bwa2a.alNsort,2960.5559,2542.48,2.697395,0.8588,2.697395
RIH0_ANA0-HG001-19,bwa2a.clair3,31941.238400000002,29573.2,10.135685,0.8973208333333332,0.42232020833333334
RIH0_ANA0-HG001-19,bwa2a.clair3.concat.fofn,0.3557,0.0,6e-06,0.0,6e-06
RIH0_ANA0-HG001-19,bwa2a.clair3.concordance,219.6668,85.32,0.056116,0.3884,0.056116
RIH0_ANA0-HG001-19,bwa2a.clair3.merge,11.9244,0.18,0.000256,0.0151,0.000256
RIH0_ANA0-HG001-19,bwa2a.deep,24723.7913,1353.7,7.346579,0.06810000000000001,0.30610745833333336
RIH0_ANA0-HG001-19,bwa2a.deep.concat.fofn,0.4071,0.02,3e-06,0.0491,3e-06
RIH0_ANA0-HG001-19,bwa2a.deep.concordance,220.6324,286.21,0.030126,1.2972,0.030126
RIH0_ANA0-HG001-19,bwa2a.deep.merge,25.9759,27.81,0.000409,1.0706,0.000409
RIH0_ANA0-HG001-19,bwa2a.lfq2,188811.6936,186840.78,1.507297,0.973504109589041,0.02064790410958904
RIH0_ANA0-HG001-19,bwa2a.lfq2.concat.fofn,0.5595,0.03,5e-06,0.0536,5e-06
RIH0_ANA0-HG001-19,bwa2a.lfq2.concordance,214.3426,114.46,0.026968,0.534,0.026968
RIH0_ANA0-HG001-19,bwa2a.lfq2.merge,4.1167,0.01,7e-05,0.0024,7e-05
RIH0_ANA0-HG001-19,bwa2a.mrkdup,407.5754,0.0,0.371346,0.0,0.371346
RIH0_ANA0-HG001-19,bwa2a.oct,16330.6562,443297.16,5.074248,27.62829315068493,0.06951024657534247
RIH0_ANA0-HG001-19,bwa2a.oct.concat.fofn,0.5353,0.03,9e-06,0.056,9e-06
RIH0_ANA0-HG001-19,bwa2a.oct.concordance,520.4135,306.12,0.071058,0.5882,0.071058
RIH0_ANA0-HG001-19,bwa2a.oct.merge,23.8735,34.69,0.001025,1.4531,0.001025
RIH0_ANA0-HG001-19,bwa2a.sentd,524.1333,37553.96,0.481154,71.6496,0.481154
RIH0_ANA0-HG001-19,bwa2a.sentd.concat.fofn,0.3628,0.0,3e-06,0.0,3e-06
RIH0_ANA0-HG001-19,bwa2a.sentd.concordance,645.1533,300.95,0.088144,0.4665,0.088144
RIH0_ANA0-HG001-19,bwa2a.sentd.merge,25.6399,40.47,0.00049,1.5784,0.00049
RIH0_ANA0-HG001-19,sent.alNsort,1524.7943,304.09,1.389257,0.1994,1.389257
RIH0_ANA0-HG001-19,sent.clair3,33388.7845,13221.62,10.377126,0.46518750000000003,0.43238025
RIH0_ANA0-HG001-19,sent.clair3.concat.fofn,0.4421,0.0,7e-06,0.0,7e-06
RIH0_ANA0-HG001-19,sent.clair3.concordance,218.7053,1.96,0.029881,0.009,0.029881
RIH0_ANA0-HG001-19,sent.clair3.merge,12.547,0.18,0.00024,0.0143,0.00024
RIH0_ANA0-HG001-19,sent.deep,16426.1501,7160.23,4.958549,1.005575,0.20660620833333332
RIH0_ANA0-HG001-19,sent.deep.concat.fofn,1.4854,0.0,1.4e-05,0.0,1.4e-05
RIH0_ANA0-HG001-19,sent.deep.concordance,216.438,102.85,0.029553,0.4752,0.029553
RIH0_ANA0-HG001-19,sent.deep.merge,15.0274,2.43,0.000323,0.1617,0.000323
RIH0_ANA0-HG001-19,sent.lfq2,160107.7547,158587.68,0.835626,0.9771616438356165,0.011446931506849315
RIH0_ANA0-HG001-19,sent.lfq2.concat.fofn,155.2408,0.01,0.002479,0.0001,0.002479
RIH0_ANA0-HG001-19,sent.lfq2.concordance,215.9828,111.53,0.027126,0.5164,0.027126
RIH0_ANA0-HG001-19,sent.lfq2.merge,4.2366,0.08,7.2e-05,0.0189,7.2e-05
RIH0_ANA0-HG001-19,sent.mrkdup,488.9262,251.52,0.445466,0.5144,0.445466
RIH0_ANA0-HG001-19,sent.oct,15189.1381,466335.77999999997,4.501795,29.453416438356165,0.061668424657534256
RIH0_ANA0-HG001-19,sent.oct.concat.fofn,0.6932,0.01,1.2e-05,0.0144,1.2e-05
RIH0_ANA0-HG001-19,sent.oct.concordance,503.5322,307.9,0.068795,0.6115,0.068795
RIH0_ANA0-HG001-19,sent.oct.merge,23.5766,34.55,0.000898,1.4654,0.000898
RIH0_ANA0-HG001-19,sent.sentd,577.6221,37849.69,0.609343,65.5267,0.609343
RIH0_ANA0-HG001-19,sent.sentd.concat.fofn,0.3329,0.0,3e-06,0.0,3e-06
RIH0_ANA0-HG001-19,sent.sentd.concordance,457.6341,298.41,0.058963,0.6521,0.058963
RIH0_ANA0-HG001-19,sent.sentd.merge,25.6349,42.32,0.000551,1.6509,0.000551
RIH0_ANA0-HG001-19,strobe.alNsort,1835.7166,2900.63,1.672542,1.5801,1.672542
RIH0_ANA0-HG001-19,strobe.clair3,31352.7674,17740.829999999998,9.482689,0.6337416666666666,0.3951120416666667
RIH0_ANA0-HG001-19,strobe.clair3.concat.fofn,0.3558,0.0,6e-06,0.0,6e-06
RIH0_ANA0-HG001-19,strobe.clair3.concordance,199.5825,110.11,0.030419,0.5517,0.030419
RIH0_ANA0-HG001-19,strobe.clair3.merge,12.9912,0.09,0.000248,0.0069,0.000248
RIH0_ANA0-HG001-19,strobe.deep,16877.8998,6648.700000000001,5.385531,1.0246125000000001,0.224397125
RIH0_ANA0-HG001-19,strobe.deep.concat.fofn,0.4429,0.02,4e-06,0.0452,4e-06
RIH0_ANA0-HG001-19,strobe.deep.concordance,250.4828,317.28,0.056622,1.2667,0.056622
RIH0_ANA0-HG001-19,strobe.deep.merge,11.7765,0.03,0.000224,0.0025,0.000224
RIH0_ANA0-HG001-19,strobe.lfq2,160793.5378,159293.18,0.690534,0.9795205479452054,0.0094593698630137
RIH0_ANA0-HG001-19,strobe.lfq2.concat.fofn,0.5599,0.03,5e-06,0.0536,5e-06
RIH0_ANA0-HG001-19,strobe.lfq2.concordance,215.64,110.87,0.027132,0.5141,0.027132
RIH0_ANA0-HG001-19,strobe.lfq2.merge,3.8386,0.11,6.6e-05,0.0287,6.6e-05
RIH0_ANA0-HG001-19,strobe.mrkdup,589.521,219.55,0.537119,0.3724,0.537119
RIH0_ANA0-HG001-19,strobe.oct,16829.0791,504040.94,4.952298,29.357316438356165,0.06783969863013699
RIH0_ANA0-HG001-19,strobe.oct.concat.fofn,0.606,0.01,1e-05,0.0165,1e-05
RIH0_ANA0-HG001-19,strobe.oct.concordance,465.5674,289.57,0.070958,0.622,0.070958
RIH0_ANA0-HG001-19,strobe.oct.merge,24.3266,33.69,0.000927,1.3849,0.000927
RIH0_ANA0-HG001-19,strobe.sentd,613.4536,0.0,0.632147,0.0,0.632147
RIH0_ANA0-HG001-19,strobe.sentd.concat.fofn,0.2779,0.0,2e-06,0.0,2e-06
RIH0_ANA0-HG001-19,strobe.sentd.concordance,455.1091,290.27,0.069364,0.6378,0.069364
RIH0_ANA0-HG001-19,strobe.sentd.merge,24.8176,40.04,0.000473,1.6134,0.000473
RIH0_ANA0-HG002-19,bwa2a.alNsort,2946.4818,2434.03,2.684572,0.8261,2.684572
RIH0_ANA0-HG002-19,bwa2a.clair3,33515.2838,16885.54,10.108041,0.5332541666666667,0.421168375
RIH0_ANA0-HG002-19,bwa2a.clair3.concat.fofn,0.3693,0.0,6e-06,0.0,6e-06
RIH0_ANA0-HG002-19,bwa2a.clair3.concordance,211.2206,105.22,0.026576,0.4982,0.026576
RIH0_ANA0-HG002-19,bwa2a.clair3.merge,10.1851,0.14,0.000194,0.0137,0.000194
RIH0_ANA0-HG002-19,bwa2a.deep,14310.4012,12715.83,4.103492,2.1727875,0.17097883333333333
RIH0_ANA0-HG002-19,bwa2a.deep.concat.fofn,0.443,0.04,5e-06,0.0903,5e-06
RIH0_ANA0-HG002-19,bwa2a.deep.concordance,216.3986,326.56,0.027227,1.5091,0.027227
RIH0_ANA0-HG002-19,bwa2a.deep.merge,15.2956,2.25,0.000328,0.1471,0.000328
RIH0_ANA0-HG002-19,bwa2a.lfq2,179042.0583,177162.38,0.763961,0.9824013698630137,0.010465219178082193
RIH0_ANA0-HG002-19,bwa2a.lfq2.concat.fofn,0.6232,0.01,5e-06,0.016,5e-06
RIH0_ANA0-HG002-19,bwa2a.lfq2.concordance,230.3101,100.83,0.028977,0.4378,0.028977
RIH0_ANA0-HG002-19,bwa2a.lfq2.merge,4.4388,0.1,7.6e-05,0.0225,7.6e-05
RIH0_ANA0-HG002-19,bwa2a.mrkdup,507.5927,257.28,0.46597,0.5069,0.46597
RIH0_ANA0-HG002-19,bwa2a.oct,16104.6138,410148.87,4.894551,26.570709589041098,0.06704864383561644
RIH0_ANA0-HG002-19,bwa2a.oct.concat.fofn,0.5158,0.01,9e-06,0.0194,9e-06
RIH0_ANA0-HG002-19,bwa2a.oct.concordance,492.2491,313.19,0.075025,0.6362,0.075025
RIH0_ANA0-HG002-19,bwa2a.oct.merge,23.6819,34.0,0.000902,1.4357,0.000902
RIH0_ANA0-HG002-19,bwa2a.sentd,537.7966,37356.11,0.554184,69.4614,0.554184
RIH0_ANA0-HG002-19,bwa2a.sentd.concat.fofn,0.2895,0.0,2e-06,0.0,2e-06
RIH0_ANA0-HG002-19,bwa2a.sentd.concordance,511.1964,309.87,0.0698,0.6062,0.0698
RIH0_ANA0-HG002-19,bwa2a.sentd.merge,25.7306,40.96,0.000552,1.5919,0.000552
RIH0_ANA0-HG002-19,sent.alNsort,1759.7673,347.58,1.603344,0.1975,1.603344
RIH0_ANA0-HG002-19,sent.clair3,34422.564099999996,14303.39,10.504354,0.4079083333333333,0.43768141666666666
RIH0_ANA0-HG002-19,sent.clair3.concat.fofn,0.4467,0.0,7e-06,0.0,7e-06
RIH0_ANA0-HG002-19,sent.clair3.concordance,978.1523,0.01,0.13364,0.0,0.13364
RIH0_ANA0-HG002-19,sent.clair3.merge,11.0031,0.07,0.000236,0.0064,0.000236
RIH0_ANA0-HG002-19,sent.deep,17009.4693,2568.75,5.303571,0.27238333333333337,0.220982125
RIH0_ANA0-HG002-19,sent.deep.concat.fofn,0.5391,0.04,5e-06,0.0742,5e-06
RIH0_ANA0-HG002-19,sent.deep.concordance,226.1924,305.04,0.030904,1.3486,0.030904
RIH0_ANA0-HG002-19,sent.deep.merge,16.3042,2.61,0.000259,0.1601,0.000259
RIH0_ANA0-HG002-19,sent.lfq2,182283.8072,180725.98,0.791062,0.9859575342465754,0.010836465753424658
RIH0_ANA0-HG002-19,sent.lfq2.concat.fofn,0.7115,0.01,6e-06,0.0141,6e-06
RIH0_ANA0-HG002-19,sent.lfq2.concordance,227.2255,114.56,0.028589,0.5042,0.028589
RIH0_ANA0-HG002-19,sent.lfq2.merge,4.4138,0.05,7.5e-05,0.0113,7.5e-05
RIH0_ANA0-HG002-19,sent.mrkdup,519.0144,302.48,0.47288,0.5828,0.47288
RIH0_ANA0-HG002-19,sent.oct,14526.561,423007.19,4.406148,28.02567397260274,0.06035819178082192
RIH0_ANA0-HG002-19,sent.oct.concat.fofn,0.5465,0.0,9e-06,0.0,9e-06
RIH0_ANA0-HG002-19,sent.oct.concordance,534.9654,246.68,0.07309,0.4611,0.07309
RIH0_ANA0-HG002-19,sent.oct.merge,22.8328,34.4,0.000867,1.5066,0.000867
RIH0_ANA0-HG002-19,sent.sentd,571.0289,40312.53,0.43579,70.5963,0.43579
RIH0_ANA0-HG002-19,sent.sentd.concat.fofn,0.3193,0.0,3e-06,0.0,3e-06
RIH0_ANA0-HG002-19,sent.sentd.concordance,898.6388,304.12,0.122777,0.3384,0.122777
RIH0_ANA0-HG002-19,sent.sentd.merge,28.4646,38.63,0.000453,1.3571,0.000453
RIH0_ANA0-HG002-19,strobe.alNsort,1090.548,2893.83,1.150437,2.6536,1.150437
RIH0_ANA0-HG002-19,strobe.clair3,30833.521800000002,12358.24,9.36603,0.4149833333333333,0.39025125
RIH0_ANA0-HG002-19,strobe.clair3.concat.fofn,0.3427,0.0,6e-06,0.0,6e-06
RIH0_ANA0-HG002-19,strobe.clair3.concordance,207.3313,121.46,0.0316,0.5858,0.0316
RIH0_ANA0-HG002-19,strobe.clair3.merge,293.1192,0.16,0.005584,0.0005,0.005584
RIH0_ANA0-HG002-19,strobe.deep,17699.0936,3000.23,5.14711,0.5610916666666667,0.21446291666666664
RIH0_ANA0-HG002-19,strobe.deep.concat.fofn,131.6402,0.01,0.001254,0.0001,0.001254
RIH0_ANA0-HG002-19,strobe.deep.concordance,210.9729,1.95,0.032155,0.0092,0.032155
RIH0_ANA0-HG002-19,strobe.deep.merge,12.0948,2.51,0.00023,0.2075,0.00023
RIH0_ANA0-HG002-19,strobe.lfq2,160062.5866,158427.42,0.72772,0.9819671232876712,0.009968767123287672
RIH0_ANA0-HG002-19,strobe.lfq2.concat.fofn,0.7079,0.0,6e-06,0.0,6e-06
RIH0_ANA0-HG002-19,strobe.lfq2.concordance,225.8444,110.89,0.028416,0.491,0.028416
RIH0_ANA0-HG002-19,strobe.lfq2.merge,4.0232,0.02,6.9e-05,0.005,6.9e-05
RIH0_ANA0-HG002-19,strobe.mrkdup,760.8802,0.0,0.698488,0.0,0.698488
RIH0_ANA0-HG002-19,strobe.oct,16446.4575,538612.66,4.79613,31.19505890410959,0.06570041095890411
RIH0_ANA0-HG002-19,strobe.oct.concat.fofn,0.4985,0.0,8e-06,0.0,8e-06
RIH0_ANA0-HG002-19,strobe.oct.concordance,488.8753,319.0,0.07451,0.6525,0.07451
RIH0_ANA0-HG002-19,strobe.oct.merge,141.7063,0.0,0.005399,0.0,0.005399
RIH0_ANA0-HG002-19,strobe.sentd,565.4011,38002.37,0.519588,67.2131,0.519588
RIH0_ANA0-HG002-19,strobe.sentd.concat.fofn,0.29,0.0,2e-06,0.0,2e-06
RIH0_ANA0-HG002-19,strobe.sentd.concordance,471.4263,304.79,0.071851,0.6465,0.071851
RIH0_ANA0-HG002-19,strobe.sentd.merge,24.9402,40.12,0.000475,1.6086,0.000475
RIH0_ANA0-HG003-19,bwa2a.alNsort,2634.5114,2459.88,2.77919,0.9337,2.77919
RIH0_ANA0-HG003-19,bwa2a.clair3,32895.0948,19584.54,10.272726,0.60125,0.42803025
RIH0_ANA0-HG003-19,bwa2a.clair3.concat.fofn,0.366,0.0,6e-06,0.0,6e-06
RIH0_ANA0-HG003-19,bwa2a.clair3.concordance,205.8034,113.99,0.025847,0.5539,0.025847
RIH0_ANA0-HG003-19,bwa2a.clair3.merge,11.8677,0.25,0.000186,0.0211,0.000186
RIH0_ANA0-HG003-19,bwa2a.deep,16629.7784,1507.0,5.187121,0.10288333333333333,0.2161300416666667
RIH0_ANA0-HG003-19,bwa2a.deep.concat.fofn,0.4436,0.04,5e-06,0.0902,5e-06
RIH0_ANA0-HG003-19,bwa2a.deep.concordance,211.8155,320.44,0.026651,1.5128,0.026651
RIH0_ANA0-HG003-19,bwa2a.deep.merge,15.6068,3.04,0.000335,0.1948,0.000335
RIH0_ANA0-HG003-19,bwa2a.lfq2,186032.83669999999,184360.1,1.051484,0.9826438356164384,0.014403890410958905
RIH0_ANA0-HG003-19,bwa2a.lfq2.concat.fofn,0.5472,0.04,5e-06,0.0731,5e-06
RIH0_ANA0-HG003-19,bwa2a.lfq2.concordance,222.9636,102.4,0.028053,0.4593,0.028053
RIH0_ANA0-HG003-19,bwa2a.lfq2.merge,4.1127,0.05,7e-05,0.0122,7e-05
RIH0_ANA0-HG003-19,bwa2a.mrkdup,565.6522,253.98,0.519269,0.449,0.519269
RIH0_ANA0-HG003-19,bwa2a.oct,16391.8492,448309.56,5.043915,27.745590410958904,0.06909472602739726
RIH0_ANA0-HG003-19,bwa2a.oct.concat.fofn,0.5167,0.01,9e-06,0.0194,9e-06
RIH0_ANA0-HG003-19,bwa2a.oct.concordance,517.3553,313.84,0.070641,0.6066,0.070641
RIH0_ANA0-HG003-19,bwa2a.oct.merge,23.7727,34.28,0.001021,1.442,0.001021
RIH0_ANA0-HG003-19,bwa2a.sentd,635.2144,0.0,0.655135,0.0,0.655135
RIH0_ANA0-HG003-19,bwa2a.sentd.concat.fofn,0.3049,0.0,3e-06,0.0,3e-06
RIH0_ANA0-HG003-19,bwa2a.sentd.concordance,706.717,301.84,0.096555,0.4271,0.096555
RIH0_ANA0-HG003-19,bwa2a.sentd.merge,25.1401,40.58,0.000481,1.6142,0.000481
RIH0_ANA0-HG003-19,sent.alNsort,1669.0811,353.69,1.760741,0.2119,1.760741
RIH0_ANA0-HG003-19,sent.clair3,32670.8777,22247.75,9.994423,0.690025,0.4164342916666666
RIH0_ANA0-HG003-19,sent.clair3.concat.fofn,0.42,0.0,7e-06,0.0,7e-06
RIH0_ANA0-HG003-19,sent.clair3.concordance,978.1632,43.28,0.133642,0.0442,0.133642
RIH0_ANA0-HG003-19,sent.clair3.merge,12.8287,0.11,0.000276,0.0086,0.000276
RIH0_ANA0-HG003-19,sent.deep,17464.7534,2740.5299999999997,5.453897,0.43214166666666665,0.22724570833333335
RIH0_ANA0-HG003-19,sent.deep.concat.fofn,0.5449,0.04,6e-06,0.0734,6e-06
RIH0_ANA0-HG003-19,sent.deep.concordance,226.2084,298.08,0.030887,1.3177,0.030887
RIH0_ANA0-HG003-19,sent.deep.merge,15.9121,2.05,0.00025,0.1288,0.00025
RIH0_ANA0-HG003-19,sent.lfq2,179471.6192,177736.06,0.765794,0.9827315068493151,0.010490328767123287
RIH0_ANA0-HG003-19,sent.lfq2.concat.fofn,0.6983,0.01,6e-06,0.0143,6e-06
RIH0_ANA0-HG003-19,sent.lfq2.concordance,222.5048,107.32,0.033912,0.4823,0.033912
RIH0_ANA0-HG003-19,sent.lfq2.merge,4.3297,0.08,7.4e-05,0.0185,7.4e-05
RIH0_ANA0-HG003-19,sent.mrkdup,541.1513,197.39,0.57087,0.3648,0.57087
RIH0_ANA0-HG003-19,sent.oct,17470.4429,413530.8,5.397302,25.651413698630137,0.07393564383561643
RIH0_ANA0-HG003-19,sent.oct.concat.fofn,0.5649,0.01,9e-06,0.0177,9e-06
RIH0_ANA0-HG003-19,sent.oct.concordance,522.5434,300.66,0.071349,0.5754,0.071349
RIH0_ANA0-HG003-19,sent.oct.merge,24.5574,35.82,0.001388,1.4586,0.001388
RIH0_ANA0-HG003-19,sent.sentd,616.0075,0.0,0.565495,0.0,0.565495
RIH0_ANA0-HG003-19,sent.sentd.concat.fofn,0.3576,0.0,3e-06,0.0,3e-06
RIH0_ANA0-HG003-19,sent.sentd.concordance,508.9305,257.76,0.069533,0.5065,0.069533
RIH0_ANA0-HG003-19,sent.sentd.merge,25.0867,40.12,0.000476,1.5993,0.000476
RIH0_ANA0-HG003-19,strobe.alNsort,1646.5254,2858.13,1.736947,1.7359,1.736947
RIH0_ANA0-HG003-19,strobe.clair3,32551.9968,21126.85,9.640602,0.6100916666666667,0.40169174999999996
RIH0_ANA0-HG003-19,strobe.clair3.concat.fofn,0.4215,0.0,7e-06,0.0,7e-06
RIH0_ANA0-HG003-19,strobe.clair3.concordance,207.0548,3.62,0.031558,0.0175,0.031558
RIH0_ANA0-HG003-19,strobe.clair3.merge,11.6984,0.11,0.000223,0.0094,0.000223
RIH0_ANA0-HG003-19,strobe.deep,16833.095,9825.07,4.945751,1.9668,0.2060729583333333
RIH0_ANA0-HG003-19,strobe.deep.concat.fofn,0.4319,0.03,4e-06,0.0695,4e-06
RIH0_ANA0-HG003-19,strobe.deep.concordance,208.1089,3.65,0.031718,0.0175,0.031718
RIH0_ANA0-HG003-19,strobe.deep.merge,15.7869,2.18,0.000301,0.1381,0.000301
RIH0_ANA0-HG003-19,strobe.lfq2,142436.1069,140894.63,0.72461,0.9833534246575343,0.009926164383561644
RIH0_ANA0-HG003-19,strobe.lfq2.concat.fofn,0.5545,0.02,5e-06,0.0361,5e-06
RIH0_ANA0-HG003-19,strobe.lfq2.concordance,223.5025,97.92,0.02807,0.4381,0.02807
RIH0_ANA0-HG003-19,strobe.lfq2.merge,4.0687,0.01,6.9e-05,0.0025,6.9e-05
RIH0_ANA0-HG003-19,strobe.mrkdup,567.6411,218.61,0.598814,0.3851,0.598814
RIH0_ANA0-HG003-19,strobe.oct,16505.8896,535594.07,4.827854,30.86171643835616,0.06613498630136987
RIH0_ANA0-HG003-19,strobe.oct.concat.fofn,0.5326,0.01,9e-06,0.0188,9e-06
RIH0_ANA0-HG003-19,strobe.oct.concordance,484.9801,329.68,0.06091,0.6798,0.06091
RIH0_ANA0-HG003-19,strobe.oct.merge,21.752,35.42,0.000683,1.6284,0.000683
RIH0_ANA0-HG003-19,strobe.sentd,763.0424,38713.95,0.700473,50.7363,0.700473
RIH0_ANA0-HG003-19,strobe.sentd.concat.fofn,0.4124,0.0,3e-06,0.0,3e-06
RIH0_ANA0-HG003-19,strobe.sentd.concordance,3095.3724,42.8,0.422647,0.0138,0.422647
RIH0_ANA0-HG003-19,strobe.sentd.merge,25.491,40.9,0.000401,1.6045,0.000401
RIH0_ANA0-HG004-19,bwa2a.alNsort,2960.8618,2416.62,2.697674,0.8162,2.697674
RIH0_ANA0-HG004-19,bwa2a.clair3,33767.9363,15908.92,10.568452,0.5315958333333334,0.4403521666666667
RIH0_ANA0-HG004-19,bwa2a.clair3.concat.fofn,0.3592,0.0,6e-06,0.0,6e-06
RIH0_ANA0-HG004-19,bwa2a.clair3.concordance,219.7892,350.74,0.033499,1.5958,0.033499
RIH0_ANA0-HG004-19,bwa2a.clair3.merge,179.6485,0.08,0.003423,0.0004,0.003423
RIH0_ANA0-HG004-19,bwa2a.deep,17306.8594,2146.59,5.288198,0.36469166666666664,0.22034158333333334
RIH0_ANA0-HG004-19,bwa2a.deep.concat.fofn,0.4343,0.02,4e-06,0.046,4e-06
RIH0_ANA0-HG004-19,bwa2a.deep.concordance,215.0032,337.47,0.027052,1.5696,0.027052
RIH0_ANA0-HG004-19,bwa2a.deep.merge,14.7336,2.27,0.000281,0.1541,0.000281
RIH0_ANA0-HG004-19,bwa2a.lfq2,174829.5844,173332.34,0.816538,0.9757794520547944,0.01118545205479452
RIH0_ANA0-HG004-19,bwa2a.lfq2.concat.fofn,0.5543,0.03,5e-06,0.0541,5e-06
RIH0_ANA0-HG004-19,bwa2a.lfq2.concordance,223.5118,105.78,0.028122,0.4733,0.028122
RIH0_ANA0-HG004-19,bwa2a.lfq2.merge,4.4525,0.08,7.6e-05,0.018,7.6e-05
RIH0_ANA0-HG004-19,bwa2a.mrkdup,560.6089,186.14,0.514639,0.332,0.514639
RIH0_ANA0-HG004-19,bwa2a.oct,15349.9496,442443.42,4.769118,29.227375342465752,0.06533038356164383
RIH0_ANA0-HG004-19,bwa2a.oct.concat.fofn,0.5447,0.02,9e-06,0.0367,9e-06
RIH0_ANA0-HG004-19,bwa2a.oct.concordance,487.2405,308.78,0.074261,0.6337,0.074261
RIH0_ANA0-HG004-19,bwa2a.oct.merge,24.0424,34.27,0.000916,1.4254,0.000916
RIH0_ANA0-HG004-19,bwa2a.sentd,532.4957,39604.82,0.406383,74.3758,0.406383
RIH0_ANA0-HG004-19,bwa2a.sentd.concat.fofn,0.3003,0.0,3e-06,0.0,3e-06
RIH0_ANA0-HG004-19,bwa2a.sentd.concordance,503.2334,299.37,0.068712,0.5949,0.068712
RIH0_ANA0-HG004-19,bwa2a.sentd.merge,39.9462,27.1,0.000628,0.6784,0.000628
RIH0_ANA0-HG004-19,sent.alNsort,1723.6245,349.4,1.570413,0.2027,1.570413
RIH0_ANA0-HG004-19,sent.clair3,32969.6494,21002.06,10.365993,0.7089833333333333,0.43191637499999996
RIH0_ANA0-HG004-19,sent.clair3.concat.fofn,0.9356,0.0,1.6e-05,0.0,1.6e-05
RIH0_ANA0-HG004-19,sent.clair3.concordance,223.3916,120.5,0.030502,0.5394,0.030502
RIH0_ANA0-HG004-19,sent.clair3.merge,13.2774,0.11,0.000209,0.0083,0.000209
RIH0_ANA0-HG004-19,sent.deep,19966.5658,1255.95,6.164623,0.08542083333333333,0.25685929166666666
RIH0_ANA0-HG004-19,sent.deep.concat.fofn,0.8164,0.0,6e-06,0.0,6e-06
RIH0_ANA0-HG004-19,sent.deep.concordance,226.3249,303.95,0.030903,1.343,0.030903
RIH0_ANA0-HG004-19,sent.deep.merge,65.2485,0.33,0.001026,0.0051,0.001026
RIH0_ANA0-HG004-19,sent.lfq2,181106.7987,179550.95,0.836691,0.9766643835616438,0.011461520547945204
RIH0_ANA0-HG004-19,sent.lfq2.concat.fofn,0.5245,0.01,4e-06,0.0191,4e-06
RIH0_ANA0-HG004-19,sent.lfq2.concordance,224.6868,117.07,0.02827,0.521,0.02827
RIH0_ANA0-HG004-19,sent.lfq2.merge,4.1847,1.57,7.1e-05,0.3752,7.1e-05
RIH0_ANA0-HG004-19,sent.mrkdup,458.7964,231.13,0.418014,0.5038,0.418014
RIH0_ANA0-HG004-19,sent.oct,17550.6752,414968.31,5.361672,26.445832876712327,0.07344756164383562
RIH0_ANA0-HG004-19,sent.oct.concat.fofn,0.573,0.01,1e-05,0.0175,1e-05
RIH0_ANA0-HG004-19,sent.oct.concordance,528.8416,304.89,0.072209,0.5765,0.072209
RIH0_ANA0-HG004-19,sent.oct.merge,148.39,0.11,0.004668,0.0007,0.004668
RIH0_ANA0-HG004-19,sent.sentd,807.7685,38832.57,0.741531,48.0739,0.741531
RIH0_ANA0-HG004-19,sent.sentd.concat.fofn,0.364,0.0,3e-06,0.0,3e-06
RIH0_ANA0-HG004-19,sent.sentd.concordance,2702.7243,36.63,0.369034,0.0136,0.369034
RIH0_ANA0-HG004-19,sent.sentd.merge,26.4923,40.18,0.000503,1.5167,0.000503
RIH0_ANA0-HG004-19,strobe.alNsort,1596.027,2944.9,1.683675,1.8451,1.683675
RIH0_ANA0-HG004-19,strobe.clair3,30459.5893,15858.45,8.998972,0.5588958333333333,0.3749571666666667
RIH0_ANA0-HG004-19,strobe.clair3.concat.fofn,0.363,0.0,6e-06,0.0,6e-06
RIH0_ANA0-HG004-19,strobe.clair3.concordance,209.8796,3.62,0.031988,0.0172,0.031988
RIH0_ANA0-HG004-19,strobe.clair3.merge,10.0965,0.13,0.000192,0.0129,0.000192
RIH0_ANA0-HG004-19,strobe.deep,14878.110200000001,6287.14,4.504791,0.8212958333333334,0.187699625
RIH0_ANA0-HG004-19,strobe.deep.concat.fofn,0.4393,0.04,4e-06,0.091,4e-06
RIH0_ANA0-HG004-19,strobe.deep.concordance,251.2165,310.9,0.056788,1.2376,0.056788
RIH0_ANA0-HG004-19,strobe.deep.merge,15.8518,2.51,0.000302,0.1583,0.000302
RIH0_ANA0-HG004-19,strobe.lfq2,153770.3892,150356.63,0.753582,0.9623,0.01032304109589041
RIH0_ANA0-HG004-19,strobe.lfq2.concat.fofn,0.5608,0.03,5e-06,0.0535,5e-06
RIH0_ANA0-HG004-19,strobe.lfq2.concordance,223.466,111.15,0.028116,0.4974,0.028116
RIH0_ANA0-HG004-19,strobe.lfq2.merge,4.1251,0.01,7e-05,0.0024,7e-05
RIH0_ANA0-HG004-19,strobe.mrkdup,615.4577,302.35,0.649257,0.4913,0.649257
RIH0_ANA0-HG004-19,strobe.oct,15505.7808,495632.88,4.462079,30.97895616438356,0.0611243698630137
RIH0_ANA0-HG004-19,strobe.oct.concat.fofn,0.5356,0.01,9e-06,0.0187,9e-06
RIH0_ANA0-HG004-19,strobe.oct.concordance,489.603,292.05,0.110675,0.5965,0.110675
RIH0_ANA0-HG004-19,strobe.oct.merge,141.6881,0.0,0.005399,0.0,0.005399
RIH0_ANA0-HG004-19,strobe.sentd,658.2386,39054.81,0.496915,59.3323,0.496915
RIH0_ANA0-HG004-19,strobe.sentd.concat.fofn,0.2815,0.0,2e-06,0.0,2e-06
RIH0_ANA0-HG004-19,strobe.sentd.concordance,471.6297,299.28,0.071882,0.6346,0.071882
RIH0_ANA0-HG004-19,strobe.sentd.merge,25.6942,40.18,0.00049,1.5638,0.00049
RIH0_ANA0-HG005-19,bwa2a.alNsort,2974.8249,2491.32,2.710396,0.8375,2.710396
RIH0_ANA0-HG005-19,bwa2a.clair3,31476.2506,31791.72,9.925453,0.9493083333333333,0.4135605416666666
RIH0_ANA0-HG005-19,bwa2a.clair3.concat.fofn,0.3456,0.0,6e-06,0.0,6e-06
RIH0_ANA0-HG005-19,bwa2a.clair3.concordance,217.9,87.05,0.055664,0.3995,0.055664
RIH0_ANA0-HG005-19,bwa2a.clair3.merge,12.0757,0.15,0.000259,0.0124,0.000259
RIH0_ANA0-HG005-19,bwa2a.deep,16207.64,12073.18,5.063153,1.7308666666666666,0.21096470833333333
RIH0_ANA0-HG005-19,bwa2a.deep.concat.fofn,0.3933,0.04,4e-06,0.1017,4e-06
RIH0_ANA0-HG005-19,bwa2a.deep.concordance,197.5983,104.92,0.030116,0.531,0.030116
RIH0_ANA0-HG005-19,bwa2a.deep.merge,14.9217,0.02,0.00032,0.0013,0.00032
RIH0_ANA0-HG005-19,bwa2a.lfq2,168912.0766,167166.19,0.720741,0.9796136986301369,0.009873164383561643
RIH0_ANA0-HG005-19,bwa2a.lfq2.concat.fofn,0.6277,0.01,5e-06,0.0159,5e-06
RIH0_ANA0-HG005-19,bwa2a.lfq2.concordance,212.7462,111.31,0.032425,0.5232,0.032425
RIH0_ANA0-HG005-19,bwa2a.lfq2.merge,4.2646,0.09,7.3e-05,0.0211,7.3e-05
RIH0_ANA0-HG005-19,bwa2a.mrkdup,541.0432,230.33,0.496678,0.4257,0.496678
RIH0_ANA0-HG005-19,bwa2a.oct,19655.8314,404386.99,6.245521,25.139190410958903,0.08555508219178082
RIH0_ANA0-HG005-19,bwa2a.oct.concat.fofn,0.5256,0.01,9e-06,0.019,9e-06
RIH0_ANA0-HG005-19,bwa2a.oct.concordance,461.2622,302.88,0.070302,0.6566,0.070302
RIH0_ANA0-HG005-19,bwa2a.oct.merge,23.5054,33.83,0.000896,1.4392,0.000896
RIH0_ANA0-HG005-19,bwa2a.sentd,524.9909,38785.56,0.400656,73.8785,0.400656
RIH0_ANA0-HG005-19,bwa2a.sentd.concat.fofn,0.3377,0.0,3e-06,0.0,3e-06
RIH0_ANA0-HG005-19,bwa2a.sentd.concordance,480.9004,300.95,0.065663,0.6258,0.065663
RIH0_ANA0-HG005-19,bwa2a.sentd.merge,39.3016,24.84,0.000618,0.632,0.000618
RIH0_ANA0-HG005-19,sent.alNsort,1707.1001,274.78,1.555358,0.161,1.555358
RIH0_ANA0-HG005-19,sent.clair3,32594.9744,23376.489999999998,9.924102,0.6902375,0.41350424999999996
RIH0_ANA0-HG005-19,sent.clair3.concat.fofn,0.4309,0.0,7e-06,0.0,7e-06
RIH0_ANA0-HG005-19,sent.clair3.concordance,217.555,3.16,0.029723,0.0145,0.029723
RIH0_ANA0-HG005-19,sent.clair3.merge,12.4985,0.18,0.000239,0.0144,0.000239
RIH0_ANA0-HG005-19,sent.deep,19014.7099,2922.2799999999997,5.526739,0.6823041666666666,0.23028079166666668
RIH0_ANA0-HG005-19,sent.deep.concat.fofn,0.5405,0.04,5e-06,0.074,5e-06
RIH0_ANA0-HG005-19,sent.deep.concordance,215.1981,98.23,0.029401,0.4565,0.029401
RIH0_ANA0-HG005-19,sent.deep.merge,16.284,2.71,0.000259,0.1664,0.000259
RIH0_ANA0-HG005-19,sent.lfq2,187316.1369,185740.0,0.799264,0.9831136986301371,0.01094882191780822
RIH0_ANA0-HG005-19,sent.lfq2.concat.fofn,0.7032,0.01,6e-06,0.0142,6e-06
RIH0_ANA0-HG005-19,sent.lfq2.concordance,213.1477,111.71,0.032486,0.5241,0.032486
RIH0_ANA0-HG005-19,sent.lfq2.merge,4.2688,0.09,7.3e-05,0.0211,7.3e-05
RIH0_ANA0-HG005-19,sent.mrkdup,500.0367,231.85,0.455589,0.4637,0.455589
RIH0_ANA0-HG005-19,sent.oct,16071.4727,424361.21,4.840715,27.19137808219178,0.06631116438356165
RIH0_ANA0-HG005-19,sent.oct.concat.fofn,0.5702,0.01,1e-05,0.0175,1e-05
RIH0_ANA0-HG005-19,sent.oct.concordance,1695.4403,0.0,0.23164,0.0,0.23164
RIH0_ANA0-HG005-19,sent.oct.merge,22.1982,35.2,0.000954,1.5857,0.000954
RIH0_ANA0-HG005-19,sent.sentd,532.4826,37473.12,0.485151,70.3744,0.485151
RIH0_ANA0-HG005-19,sent.sentd.concat.fofn,0.3159,0.0,3e-06,0.0,3e-06
RIH0_ANA0-HG005-19,sent.sentd.concordance,505.6417,360.99,0.069083,0.7139,0.069083
RIH0_ANA0-HG005-19,sent.sentd.merge,31.4023,29.3,0.000601,0.9331,0.000601
RIH0_ANA0-HG005-19,strobe.alNsort,1908.1059,2954.81,1.738496,1.5486,1.738496
RIH0_ANA0-HG005-19,strobe.clair3,31558.947,17481.55,9.730285,0.5483541666666667,0.4054285416666667
RIH0_ANA0-HG005-19,strobe.clair3.concat.fofn,0.3465,0.0,6e-06,0.0,6e-06
RIH0_ANA0-HG005-19,strobe.clair3.concordance,201.6241,108.64,0.045577,0.5388,0.045577
RIH0_ANA0-HG005-19,strobe.clair3.merge,9.7722,0.17,0.000186,0.0174,0.000186
RIH0_ANA0-HG005-19,strobe.deep,17304.834,2723.65,5.172871,0.3659375,0.21553629166666666
RIH0_ANA0-HG005-19,strobe.deep.concat.fofn,0.4371,0.02,4e-06,0.0458,4e-06
RIH0_ANA0-HG005-19,strobe.deep.concordance,201.1186,101.3,0.030653,0.5037,0.030653
RIH0_ANA0-HG005-19,strobe.deep.merge,15.3755,0.04,0.000293,0.0026,0.000293
RIH0_ANA0-HG005-19,strobe.lfq2,140120.7122,138417.98,0.597886,0.9739917808219177,0.008190219178082192
RIH0_ANA0-HG005-19,strobe.lfq2.concat.fofn,0.5566,0.03,5e-06,0.0539,5e-06
RIH0_ANA0-HG005-19,strobe.lfq2.concordance,213.5172,100.9,0.026865,0.4726,0.026865
RIH0_ANA0-HG005-19,strobe.lfq2.merge,3.8521,0.09,6.6e-05,0.0234,6.6e-05
RIH0_ANA0-HG005-19,strobe.mrkdup,685.627,295.61,0.624682,0.4312,0.624682
RIH0_ANA0-HG005-19,strobe.oct,18520.1164,438045.82,5.374288,23.994073972602738,0.07362038356164384
RIH0_ANA0-HG005-19,strobe.oct.concat.fofn,0.5462,0.01,9e-06,0.0183,9e-06
RIH0_ANA0-HG005-19,strobe.oct.concordance,464.2307,306.08,0.058409,0.6593,0.058409
RIH0_ANA0-HG005-19,strobe.oct.merge,24.2378,33.42,0.001041,1.3788,0.001041
RIH0_ANA0-HG005-19,strobe.sentd,561.5297,0.0,0.423908,0.0,0.423908
RIH0_ANA0-HG005-19,strobe.sentd.concat.fofn,0.3967,0.0,3e-06,0.0,3e-06
RIH0_ANA0-HG005-19,strobe.sentd.concordance,496.9426,289.24,0.067853,0.582,0.067853
RIH0_ANA0-HG005-19,strobe.sentd.merge,23.8361,40.48,0.000454,1.6983,0.000454
RIH0_ANA0-HG006-19,bwa2a.alNsort,3012.2515,2583.87,2.744496,0.8578,2.744496
RIH0_ANA0-HG006-19,bwa2a.clair3,33461.5096,17903.52,10.463373,0.5567916666666667,0.435973875
RIH0_ANA0-HG006-19,bwa2a.clair3.concat.fofn,0.3586,0.0,6e-06,0.0,6e-06
RIH0_ANA0-HG006-19,bwa2a.clair3.concordance,220.8267,3.51,0.030152,0.0159,0.030152
RIH0_ANA0-HG006-19,bwa2a.clair3.merge,12.4291,0.2,0.000267,0.0161,0.000267
RIH0_ANA0-HG006-19,bwa2a.deep,13705.836,18261.15,4.089801,2.978125,0.17040837499999997
RIH0_ANA0-HG006-19,bwa2a.deep.concat.fofn,0.3936,0.03,4e-06,0.0762,4e-06
RIH0_ANA0-HG006-19,bwa2a.deep.concordance,202.3277,105.38,0.025457,0.5208,0.025457
RIH0_ANA0-HG006-19,bwa2a.deep.merge,15.6459,2.4,0.000336,0.1534,0.000336
RIH0_ANA0-HG006-19,bwa2a.lfq2,172657.5303,169517.26,0.73672,0.9684027397260273,0.010092054794520548
RIH0_ANA0-HG006-19,bwa2a.lfq2.concat.fofn,0.5799,0.01,5e-06,0.0172,5e-06
RIH0_ANA0-HG006-19,bwa2a.lfq2.concordance,209.98,121.64,0.02642,0.5793,0.02642
RIH0_ANA0-HG006-19,bwa2a.lfq2.merge,3.6126,1.35,6.2e-05,0.3737,6.2e-05
RIH0_ANA0-HG006-19,bwa2a.mrkdup,560.1006,303.04,0.514172,0.541,0.514172
RIH0_ANA0-HG006-19,bwa2a.oct,16783.7004,475890.25,4.972684,29.144234246575344,0.06811895890410959
RIH0_ANA0-HG006-19,bwa2a.oct.concat.fofn,0.518,0.02,9e-06,0.0386,9e-06
RIH0_ANA0-HG006-19,bwa2a.oct.concordance,501.8448,303.57,0.068523,0.6049,0.068523
RIH0_ANA0-HG006-19,bwa2a.oct.merge,23.6937,34.26,0.001017,1.446,0.001017
RIH0_ANA0-HG006-19,bwa2a.sentd,603.0556,38017.1,0.554191,63.0408,0.554191
RIH0_ANA0-HG006-19,bwa2a.sentd.concat.fofn,0.5192,0.0,4e-06,0.0,4e-06
RIH0_ANA0-HG006-19,bwa2a.sentd.concordance,483.9285,285.17,0.066076,0.5893,0.066076
RIH0_ANA0-HG006-19,bwa2a.sentd.merge,24.1887,40.35,0.000461,1.6681,0.000461
RIH0_ANA0-HG006-19,sent.alNsort,1725.4155,364.79,1.572045,0.2114,1.572045
RIH0_ANA0-HG006-19,sent.clair3,35739.2975,11951.21,11.155062,0.35475416666666665,0.46479424999999996
RIH0_ANA0-HG006-19,sent.clair3.concat.fofn,0.3561,0.0,6e-06,0.0,6e-06
RIH0_ANA0-HG006-19,sent.clair3.concordance,223.8425,91.75,0.030564,0.4099,0.030564
RIH0_ANA0-HG006-19,sent.clair3.merge,10.5418,0.13,0.000166,0.0123,0.000166
RIH0_ANA0-HG006-19,sent.deep,16706.5955,1437.53,5.211297,0.10087499999999999,0.217137375
RIH0_ANA0-HG006-19,sent.deep.concat.fofn,0.4021,0.04,4e-06,0.0995,4e-06
RIH0_ANA0-HG006-19,sent.deep.concordance,218.7334,283.74,0.029884,1.2972,0.029884
RIH0_ANA0-HG006-19,sent.deep.merge,138.6581,0.0,0.002979,0.0,0.002979
RIH0_ANA0-HG006-19,sent.lfq2,176445.6062,173461.24,0.75288,0.9743356164383561,0.010313424657534246
RIH0_ANA0-HG006-19,sent.lfq2.concat.fofn,0.7027,0.0,6e-06,0.0,6e-06
RIH0_ANA0-HG006-19,sent.lfq2.concordance,208.7006,116.04,0.026259,0.556,0.026259
RIH0_ANA0-HG006-19,sent.lfq2.merge,3.5683,0.01,6.1e-05,0.0028,6.1e-05
RIH0_ANA0-HG006-19,sent.mrkdup,588.9989,243.54,0.536643,0.4135,0.536643
RIH0_ANA0-HG006-19,sent.oct,17775.9153,429453.51,5.591335,25.662204166666665,0.07765743055555556
RIH0_ANA0-HG006-19,sent.oct.concat.fofn,0.698,0.01,1.2e-05,0.0143,1.2e-05
RIH0_ANA0-HG006-19,sent.oct.concordance,650.3104,306.32,0.088849,0.471,0.088849
RIH0_ANA0-HG006-19,sent.oct.merge,22.8484,35.84,0.000874,1.5686,0.000874
RIH0_ANA0-HG006-19,sent.sentd,757.4471,38419.07,0.695336,50.7218,0.695336
RIH0_ANA0-HG006-19,sent.sentd.concat.fofn,0.3751,0.0,3e-06,0.0,3e-06
RIH0_ANA0-HG006-19,sent.sentd.concordance,506.0055,298.25,0.065195,0.5894,0.065195
RIH0_ANA0-HG006-19,sent.sentd.merge,25.5858,40.25,0.000486,1.5731,0.000486
RIH0_ANA0-HG006-19,strobe.alNsort,2005.8671,3171.23,1.827568,1.581,1.827568
RIH0_ANA0-HG006-19,strobe.clair3,33435.9166,18523.91,10.094909,0.6058708333333334,0.42062120833333333
RIH0_ANA0-HG006-19,strobe.clair3.concat.fofn,0.3795,0.0,6e-06,0.0,6e-06
RIH0_ANA0-HG006-19,strobe.clair3.concordance,222.8109,86.32,0.056919,0.3874,0.056919
RIH0_ANA0-HG006-19,strobe.clair3.merge,11.7703,0.23,0.000253,0.0195,0.000253
RIH0_ANA0-HG006-19,strobe.deep,17366.5605,5039.51,5.229639,0.35519999999999996,0.217901625
RIH0_ANA0-HG006-19,strobe.deep.concat.fofn,0.8789,0.0,7e-06,0.0,7e-06
RIH0_ANA0-HG006-19,strobe.deep.concordance,216.9284,96.87,0.02962,0.4466,0.02962
RIH0_ANA0-HG006-19,strobe.deep.merge,15.8402,2.79,0.000249,0.1761,0.000249
RIH0_ANA0-HG006-19,strobe.lfq2,142624.895,140770.21,0.617617,0.9799095890410959,0.008460506849315068
RIH0_ANA0-HG006-19,strobe.lfq2.concat.fofn,0.7342,0.01,6e-06,0.0136,6e-06
RIH0_ANA0-HG006-19,strobe.lfq2.concordance,209.9024,106.99,0.031992,0.5097,0.031992
RIH0_ANA0-HG006-19,strobe.lfq2.merge,3.9712,0.06,6.8e-05,0.0151,6.8e-05
RIH0_ANA0-HG006-19,strobe.mrkdup,598.5452,197.38,0.545341,0.3298,0.545341
RIH0_ANA0-HG006-19,strobe.oct,19726.707,521315.83,5.906294,27.291153424657537,0.08090813698630137
RIH0_ANA0-HG006-19,strobe.oct.concat.fofn,0.5973,0.01,1e-05,0.0167,1e-05
RIH0_ANA0-HG006-19,strobe.oct.concordance,497.9327,303.86,0.06803,0.6102,0.06803
RIH0_ANA0-HG006-19,strobe.oct.merge,23.5977,34.5,0.00075,1.462,0.00075
RIH0_ANA0-HG006-19,strobe.sentd,738.3755,39458.38,0.563504,53.4395,0.563504
RIH0_ANA0-HG006-19,strobe.sentd.concat.fofn,0.2876,0.0,2e-06,0.0,2e-06
RIH0_ANA0-HG006-19,strobe.sentd.concordance,576.8828,290.51,0.078817,0.5036,0.078817
RIH0_ANA0-HG006-19,strobe.sentd.merge,26.1518,39.46,0.000416,1.5089,0.000416
RIH0_ANA0-HG007-19,bwa2a.alNsort,3043.9898,2517.22,2.773413,0.8269,2.773413
RIH0_ANA0-HG007-19,bwa2a.clair3,33492.1274,14610.44,10.569639,0.45015833333333327,0.440401625
RIH0_ANA0-HG007-19,bwa2a.clair3.concat.fofn,0.3473,0.0,6e-06,0.0,6e-06
RIH0_ANA0-HG007-19,bwa2a.clair3.concordance,262.1782,95.32,0.035798,0.3636,0.035798
RIH0_ANA0-HG007-19,bwa2a.clair3.merge,12.1914,0.11,0.000192,0.009,0.000192
RIH0_ANA0-HG007-19,bwa2a.deep,18929.822799999998,2116.65,5.700895,0.150475,0.23753729166666668
RIH0_ANA0-HG007-19,bwa2a.deep.concat.fofn,0.4578,0.05,4e-06,0.1092,4e-06
RIH0_ANA0-HG007-19,bwa2a.deep.concordance,219.0116,290.78,0.029904,1.3277,0.029904
RIH0_ANA0-HG007-19,bwa2a.deep.merge,26.9458,28.75,0.000424,1.067,0.000424
RIH0_ANA0-HG007-19,bwa2a.lfq2,181141.6286,179506.45,0.772921,0.9752986301369863,0.010587958904109589
RIH0_ANA0-HG007-19,bwa2a.lfq2.concat.fofn,0.896,0.01,8e-06,0.0112,8e-06
RIH0_ANA0-HG007-19,bwa2a.lfq2.concordance,214.9262,100.32,0.027042,0.4668,0.027042
RIH0_ANA0-HG007-19,bwa2a.lfq2.merge,4.1902,0.02,7.2e-05,0.0048,7.2e-05
RIH0_ANA0-HG007-19,bwa2a.mrkdup,493.3048,0.0,0.449455,0.0,0.449455
RIH0_ANA0-HG007-19,bwa2a.oct,18368.6542,479904.6,5.520198,27.75720136986301,0.0756191506849315
RIH0_ANA0-HG007-19,bwa2a.oct.concat.fofn,0.9238,0.0,1.5e-05,0.0,1.5e-05
RIH0_ANA0-HG007-19,bwa2a.oct.concordance,514.6615,307.22,0.070273,0.5969,0.070273
RIH0_ANA0-HG007-19,bwa2a.oct.merge,22.6072,34.81,0.000861,1.5398,0.000861
RIH0_ANA0-HG007-19,bwa2a.sentd,584.9565,39581.98,0.446419,67.6665,0.446419
RIH0_ANA0-HG007-19,bwa2a.sentd.concat.fofn,0.2906,0.0,2e-06,0.0,2e-06
RIH0_ANA0-HG007-19,bwa2a.sentd.concordance,581.4926,283.17,0.079446,0.487,0.079446
RIH0_ANA0-HG007-19,bwa2a.sentd.merge,26.1641,39.28,0.000416,1.5013,0.000416
RIH0_ANA0-HG007-19,dirsetup,0.2349,0.0,2e-06,0.0,2e-06
RIH0_ANA0-HG007-19,sent.alNsort,1810.0635,268.44,1.649169,0.1483,1.649169
RIH0_ANA0-HG007-19,sent.clair3,36900.517,10048.16,11.394596,0.29310416666666667,0.4747748333333333
RIH0_ANA0-HG007-19,sent.clair3.concat.fofn,0.3633,0.0,6e-06,0.0,6e-06
RIH0_ANA0-HG007-19,sent.clair3.concordance,222.5396,309.62,0.030386,1.3913,0.030386
RIH0_ANA0-HG007-19,sent.clair3.merge,13.3645,0.17,0.000378,0.0127,0.000378
RIH0_ANA0-HG007-19,sent.deep,19651.4433,2126.4,6.03044,0.6578791666666667,0.2512683333333333
RIH0_ANA0-HG007-19,sent.deep.concat.fofn,0.5446,0.03,6e-06,0.0551,6e-06
RIH0_ANA0-HG007-19,sent.deep.concordance,207.8687,327.12,0.026107,1.5737,0.026107
RIH0_ANA0-HG007-19,sent.deep.merge,14.4735,0.01,0.000228,0.0007,0.000228
RIH0_ANA0-HG007-19,sent.lfq2,178818.9331,177339.86000000002,0.924299,0.9846547945205479,0.012661630136986301
RIH0_ANA0-HG007-19,sent.lfq2.concat.fofn,0.5818,0.02,5e-06,0.0344,5e-06
RIH0_ANA0-HG007-19,sent.lfq2.concordance,213.2165,103.3,0.026778,0.4845,0.026778
RIH0_ANA0-HG007-19,sent.lfq2.merge,3.8,0.05,6.5e-05,0.0132,6.5e-05
RIH0_ANA0-HG007-19,sent.mrkdup,614.2266,258.73,0.559629,0.4212,0.559629
RIH0_ANA0-HG007-19,sent.oct,17709.6128,492277.83,5.4862839999999995,28.67248904109589,0.07515457534246575
RIH0_ANA0-HG007-19,sent.oct.concat.fofn,0.5954,0.01,1e-05,0.0168,1e-05
RIH0_ANA0-HG007-19,sent.oct.concordance,501.9724,299.03,0.068582,0.5957,0.068582
RIH0_ANA0-HG007-19,sent.oct.merge,24.7094,34.6,0.000786,1.4003,0.000786
RIH0_ANA0-HG007-19,sent.sentd,572.709,37595.08,0.521802,65.6443,0.521802
RIH0_ANA0-HG007-19,sent.sentd.concat.fofn,0.324,0.0,3e-06,0.0,3e-06
RIH0_ANA0-HG007-19,sent.sentd.concordance,512.71,353.6,0.070049,0.6897,0.070049
RIH0_ANA0-HG007-19,sent.sentd.merge,31.698,28.6,0.000606,0.9023,0.000606
RIH0_ANA0-HG007-19,strobe.alNsort,2015.6637,3026.65,1.836494,1.5016,1.836494
RIH0_ANA0-HG007-19,strobe.clair3,30220.297,13739.710000000001,9.681372,0.5218,0.42092921739130434
RIH0_ANA0-HG007-19,strobe.clair3.concat.fofn,0.4435,0.0,7e-06,0.0,7e-06
RIH0_ANA0-HG007-19,strobe.clair3.concordance,215.2117,117.44,0.029403,0.5457,0.029403
RIH0_ANA0-HG007-19,strobe.clair3.merge,11.4241,0.16,0.000184,0.014,0.000184
RIH0_ANA0-HG007-19,strobe.deep,17390.7202,2232.48,5.481806,0.23327499999999998,0.22840858333333333
RIH0_ANA0-HG007-19,strobe.deep.concat.fofn,0.8692,0.0,8e-06,0.0,8e-06
RIH0_ANA0-HG007-19,strobe.deep.concordance,216.7993,101.96,0.02962,0.4703,0.02962
RIH0_ANA0-HG007-19,strobe.deep.merge,15.012,2.48,0.000323,0.1652,0.000323
RIH0_ANA0-HG007-19,strobe.lfq2,153103.1079,151646.05,0.916902,0.9740205479452054,0.012560301369863013
RIH0_ANA0-HG007-19,strobe.lfq2.concat.fofn,0.5708,0.03,5e-06,0.0526,5e-06
RIH0_ANA0-HG007-19,strobe.lfq2.concordance,213.2303,104.67,0.026829,0.4909,0.026829
RIH0_ANA0-HG007-19,strobe.lfq2.merge,4.0278,0.04,6.9e-05,0.0099,6.9e-05
RIH0_ANA0-HG007-19,strobe.mrkdup,607.646,180.48,0.553633,0.297,0.553633
RIH0_ANA0-HG007-19,strobe.oct,19220.698,527828.33,5.896042,28.133494520547945,0.08076769863013698
RIH0_ANA0-HG007-19,strobe.oct.concat.fofn,0.5865,0.01,1e-05,0.0171,1e-05
RIH0_ANA0-HG007-19,strobe.oct.concordance,579.6508,292.25,0.079195,0.5042,0.079195
RIH0_ANA0-HG007-19,strobe.oct.merge,24.1334,34.9,0.000767,1.4461,0.000767
RIH0_ANA0-HG007-19,strobe.sentd,760.9035,38248.23,0.698509,50.2669,0.698509
RIH0_ANA0-HG007-19,strobe.sentd.concat.fofn,0.3038,0.0,3e-06,0.0,3e-06
RIH0_ANA0-HG007-19,strobe.sentd.concordance,484.847,289.76,0.066242,0.5976,0.066242
RIH0_ANA0-HG007-19,strobe.sentd.merge,24.9329,40.09,0.000473,1.6079,0.000473
